ribbon_id,point_order,x,y,from_genre,to_genre,pair_count
0,0,307.35097972972716,674.8020360968211,Action,Science Fiction,599
0,1,305.76690281338654,674.2628727965531,Action,Science Fiction,599
0,2,304.18596326167193,673.7145782816588,Action,Science Fiction,599
0,3,302.60821370984587,673.1571708068689,Action,Science Fiction,599
0,4,301.0337066869643,672.5906689303179,Action,Science Fiction,599
0,5,299.46249461412765,672.0150915129263,Action,Science Fiction,599
0,6,297.89462980273504,671.4304577177725,Action,Science Fiction,599
0,7,296.3301644527434,670.8367870094548,Action,Science Fiction,599
0,8,294.7691506509289,670.2340991534434,Action,Science Fiction,599
0,9,293.2116403691531,669.6224142154226,Action,Science Fiction,599
0,10,291.6576854626325,669.001752560622,Action,Science Fiction,599
0,11,290.1073376682124,668.3721348531395,Action,Science Fiction,599
0,12,288.56064860264377,667.7335820552523,Action,Science Fiction,599
0,13,287.01766976086543,667.0861154267199,Action,Science Fiction,599
0,14,297.2894789023653,641.7378306705432,Action,Science Fiction,599
0,15,306.584462471792,616.5665221975789,Action,Science Fiction,599
0,16,314.9026204691453,591.5721900078271,Action,Science Fiction,599
0,17,322.24395289442515,566.7548341012874,Action,Science Fiction,599
0,18,328.60845974763174,542.1144544779602,Action,Science Fiction,599
0,19,333.99614102876507,517.6510511378455,Action,Science Fiction,599
0,20,338.406996737825,493.36462408094303,Action,Science Fiction,599
0,21,341.8410268748115,469.25517330725285,Action,Science Fiction,599
0,22,344.29823143972465,445.3226988167751,Action,Science Fiction,599
0,23,345.77861043256456,421.56720060950977,Action,Science Fiction,599
0,24,346.2821638533311,397.9886786854568,Action,Science Fiction,599
0,25,345.8088917020243,374.58713304461617,Action,Science Fiction,599
0,26,344.35879397864414,351.36256368698787,Action,Science Fiction,599
0,27,341.9318706831907,328.31497061257204,Action,Science Fiction,599
0,28,338.5281218156639,305.4443538213685,Action,Science Fiction,599
0,29,334.1475473760637,282.75071331337733,Action,Science Fiction,599
0,30,328.7901473643901,260.23404908859857,Action,Science Fiction,599
0,31,322.45592178064334,237.89436114703219,Action,Science Fiction,599
0,32,315.14487062482317,215.73164948867816,Action,Science Fiction,599
0,33,306.85699389692957,193.74591411353643,Action,Science Fiction,599
0,34,297.5922915969627,171.93715502160708,Action,Science Fiction,599
0,35,296.2780642172363,172.5318483007429,Action,Science Fiction,599
0,36,294.9672901202943,173.13411482700715,Action,Science Fiction,599
0,37,293.6600129466033,173.7439345487432,Action,Science Fiction,599
0,38,292.3562762202037,174.36128716282101,Action,Science Fiction,599
0,39,291.0561233472617,174.98615211531327,Action,Science Fiction,599
0,40,289.75959761462434,175.6185086021789,Action,Science Fiction,599
0,41,288.4667421883774,176.25833556995664,Action,Science Fiction,599
0,42,287.17760011240887,176.90561171646547,Action,Science Fiction,599
0,43,285.89221430697546,177.560315491514,Action,Science Fiction,599
0,44,284.6106275672746,178.22242509761767,Action,Science Fiction,599
0,45,283.3328825620183,178.891918490725,Action,Science Fiction,599
0,46,282.0590218320131,179.5687733809512,Action,Science Fiction,599
0,47,280.7890877887445,180.25296723332,Action,Science Fiction,599
0,48,291.66209998917805,201.3060973456345,Action,Science Fiction,599
0,49,301.57429616928727,222.60891001273424,Action,Science Fiction,599
0,50,310.52567632907204,244.16140523461922,Action,Science Fiction,599
0,51,318.5162404685324,265.96358301128936,Action,Science Fiction,599
0,52,325.5459885876684,288.01544334274473,Action,Science Fiction,599
0,53,331.61492068648005,310.3169862289854,Action,Science Fiction,599
0,54,336.7230367649673,332.86821167001125,Action,Science Fiction,599
0,55,340.87033682313006,355.6691196658223,Action,Science Fiction,599
0,56,344.0568208609684,378.71971021641855,Action,Science Fiction,599
0,57,346.2824888784825,402.01998332180005,Action,Science Fiction,599
0,58,347.5473408756722,425.56993898196674,Action,Science Fiction,599
0,59,347.85137685253744,449.3695771969187,Action,Science Fiction,599
0,60,347.1945968090783,473.4188979666559,Action,Science Fiction,599
0,61,345.5770007452948,497.7179012911783,Action,Science Fiction,599
0,62,342.9985886611869,522.2665871704859,Action,Science Fiction,599
0,63,339.4593605567546,547.0649556045787,Action,Science Fiction,599
0,64,334.9593164319979,572.1130065934567,Action,Science Fiction,599
0,65,329.4984562869168,597.41074013712,Action,Science Fiction,599
0,66,323.0767801215113,622.9581562355685,Action,Science Fiction,599
0,67,315.69428793578146,648.7552548888021,Action,Science Fiction,599
1,0,344.39380599115066,684.618957885539,Action,Adventure,827
1,1,342.12821668892855,684.1669521538288,Action,Adventure,827
1,2,339.8663000801346,683.6969124505016,Action,Adventure,827
1,3,337.6081997118617,683.2088686054959,Action,Adventure,827
1,4,335.3540588890145,682.7028515913396,Action,Adventure,827
1,5,333.1040206652145,682.1788935211844,Action,Adventure,827
1,6,330.85822783372157,681.6370276467682,Action,Adventure,827
1,7,328.61682291837207,681.077288356304,Action,Adventure,827
1,8,326.37994816453386,680.4997111722992,Action,Adventure,827
1,9,324.14774553007885,679.9043327492991,Action,Adventure,827
1,10,321.92035667637435,679.2911908715622,Action,Adventure,827
1,11,319.6979229592923,678.6603244506621,Action,Adventure,827
1,12,317.48058542023944,678.0117735230176,Action,Adventure,827
1,13,315.2684847772052,677.3455792473521,Action,Adventure,827
1,14,322.621200509067,651.3462919970691,Action,Adventure,827
1,15,328.54001147173943,626.1761596266679,Action,Adventure,827
1,16,333.0249176652223,601.8351821361484,Action,Adventure,827
1,17,336.0759190895155,578.3233595255107,Action,Adventure,827
1,18,337.6930157446192,555.6406917947548,Action,Adventure,827
1,19,337.87620763053343,533.787178943881,Action,Adventure,827
1,20,336.6254947472582,512.7628209728891,Action,Adventure,827
1,21,333.9408770947933,492.5676178817788,Action,Adventure,827
1,22,329.8223546731388,473.20156967055027,Action,Adventure,827
1,23,324.2699274822949,454.66467633920377,Action,Adventure,827
1,24,317.2835955222616,436.95693788773906,Action,Adventure,827
1,25,308.8633587930385,420.07835431615615,Action,Adventure,827
1,26,299.009217294626,404.02892562445504,Action,Adventure,827
1,27,287.72117102702396,388.80865181263584,Action,Adventure,827
1,28,274.9992199902324,374.41753288069845,Action,Adventure,827
1,29,260.84336418425124,360.8555688286429,Action,Adventure,827
1,30,245.25360360908053,348.12275965646916,Action,Adventure,827
1,31,228.2299382647204,336.21910536417727,Action,Adventure,827
1,32,209.77236815117067,325.1446059517673,Action,Adventure,827
1,33,189.8808932684314,314.89926141923905,Action,Adventure,827
1,34,168.5555136165026,305.4830717665926,Action,Adventure,827
1,35,167.80990951870425,307.3298220445882,Action,Adventure,827
1,36,167.07904080610726,309.1824534123666,Action,Adventure,827
1,37,166.36295386153517,311.0408482971378,Action,Adventure,827
1,38,165.6616941297223,312.90488876034334,Action,Adventure,827
1,39,164.9753061144295,314.7744565051423,Action,Adventure,827
1,40,164.30383337562006,316.6494328839178,Action,Adventure,827
1,41,163.6473185266951,318.529698905807,Action,Adventure,827
1,42,163.00580323178917,320.4151352442528,Action,Adventure,827
1,43,162.3793282031264,322.3056222445763,Action,Adventure,827
1,44,161.7679331984365,324.20103993157045,Action,Adventure,827
1,45,161.17165701843172,326.10126801711414,Action,Adventure,827
1,46,160.59053750434472,328.0061859078058,Action,Adventure,827
1,47,160.0246115355265,329.9156727126168,Action,Adventure,827
1,48,182.20915741542345,337.076843634767,Action,Adventure,827
1,49,203.05319725235753,345.21096072743046,Action,Adventure,827
1,50,222.55673104632868,354.3180239906071,Action,Adventure,827
1,51,240.71975879733688,364.3980334242967,Action,Adventure,827
1,52,257.54228050538217,375.4509890284997,Action,Adventure,827
1,53,273.0242961704646,387.47689080321584,Action,Adventure,827
1,54,287.1658057925841,400.47573874844517,Action,Adventure,827
1,55,299.9668093717406,414.44753286418756,Action,Adventure,827
1,56,311.4273069079342,429.3922731504432,Action,Adventure,827
1,57,321.547298401165,445.309959607212,Action,Adventure,827
1,58,330.3267838514328,462.2005922344941,Action,Adventure,827
1,59,337.7657632587377,480.06417103228927,Action,Adventure,827
1,60,343.8642366230797,498.90069600059763,Action,Adventure,827
1,61,348.62220394445876,518.7101671394191,Action,Adventure,827
1,62,352.03966522287493,539.4925844487539,Action,Adventure,827
1,63,354.11662045832816,561.2479479286018,Action,Adventure,827
1,64,354.8530696508185,583.9762575789629,Action,Adventure,827
1,65,354.2490128003459,607.6775133998372,Action,Adventure,827
1,66,352.3044499069104,632.3517153912245,Action,Adventure,827
1,67,349.019380970512,657.9988635531251,Action,Adventure,827
2,0,110.05187479736537,394.5150486349185,Adventure,Drama,261
2,1,110.06658128578135,393.7860871678487,Adventure,Drama,261
2,2,110.08312046057887,393.05716497929143,Adventure,Drama,261
2,3,110.10149221721281,392.3282866768072,Adventure,Drama,261
2,4,110.12169643955411,391.59945686767907,Adventure,Drama,261
2,5,110.1437329998908,390.8706801588837,Adventure,Drama,261
2,6,110.16760175892841,390.1419611570619,Adventure,Drama,261
2,7,110.1933025657911,389.4133044684899,Adventure,Drama,261
2,8,110.22083525802253,388.68471469904995,Adventure,Drama,261
2,9,110.25019966158698,387.95619645420123,Adventure,Drama,261
2,10,110.28139559087026,387.22775433895094,Adventure,Drama,261
2,11,110.31442284868103,386.4993929578251,Adventure,Drama,261
2,12,110.34928122625206,385.7711169148391,Adventure,Drama,261
2,13,110.38597050324148,385.04293081346935,Adventure,Drama,261
2,14,137.810898989903,386.1651568297283,Adventure,Drama,261
2,15,164.92110740288595,386.6828693191661,Adventure,Drama,261
2,16,191.7165957421904,386.59606828178266,Adventure,Drama,261
2,17,218.19736400781622,385.9047537175779,Adventure,Drama,261
2,18,244.36341219976345,384.608925626552,Adventure,Drama,261
2,19,270.2147403180322,382.7085840087049,Adventure,Drama,261
2,20,295.75134836262237,380.2037288640366,Adventure,Drama,261
2,21,320.9732363335339,377.09436019254696,Adventure,Drama,261
2,22,345.88040423076694,373.3804779942361,Adventure,Drama,261
2,23,370.47285205432144,369.06208226910417,Adventure,Drama,261
2,24,394.7505798041973,364.13917301715094,Adventure,Drama,261
2,25,418.71358748039466,358.61175023837643,Adventure,Drama,261
2,26,442.36187508291346,352.4798139327808,Adventure,Drama,261
2,27,465.6954426117537,345.743364100364,Adventure,Drama,261
2,28,488.7142900669153,338.4024007411258,Adventure,Drama,261
2,29,511.4184174483984,330.45692385506646,Adventure,Drama,261
2,30,533.8078247562029,321.9069334421859,Adventure,Drama,261
2,31,555.8825119903289,312.7524295024842,Adventure,Drama,261
2,32,577.6424791507762,302.99341203596117,Adventure,Drama,261
2,33,599.0877262375451,292.62988104261694,Adventure,Drama,261
2,34,620.2182532506354,281.6618365224515,Adventure,Drama,261
2,35,619.9200350146497,281.10854446531806,Adventure,Drama,261
2,36,619.6204266510443,280.5560039281453,Adventure,Drama,261
2,37,619.3194300536618,280.00421840357484,Adventure,Drama,261
2,38,619.0170471251192,279.4531913794758,Adventure,Drama,261
2,39,618.7132797767973,278.9029263389227,Adventure,Drama,261
2,40,618.4081299288275,278.35342676017376,Adventure,Drama,261
2,41,618.10159951008,277.8046961166483,Adventure,Drama,261
2,42,617.7936904581519,277.2567378769054,Adventure,Drama,261
2,43,617.4844047193546,276.7095555046217,Adventure,Drama,261
2,44,617.1737442487017,276.1631524585695,Adventure,Drama,261
2,45,616.8617110098965,275.617532192595,Adventure,Drama,261
2,46,616.5483069753196,275.0726981555963,Adventure,Drama,261
2,47,616.2335341260166,274.5286537915017,Adventure,Drama,261
2,48,595.4727109415057,286.1813527556362,Adventure,Drama,261
2,49,574.3775812214999,297.24014560832603,Adventure,Drama,261
2,50,552.9481449659993,307.70503234957107,Adventure,Drama,261
2,51,531.1844021750037,317.5760129793711,Adventure,Drama,261
2,52,509.08635284851323,326.8530874977265,Adventure,Drama,261
2,53,486.6539969865281,335.5362559046371,Adventure,Drama,261
2,54,463.887334589048,343.6255182001029,Adventure,Drama,261
2,55,440.78636565607303,351.12087438412374,Adventure,Drama,261
2,56,417.35109018760306,358.02232445669983,Adventure,Drama,261
2,57,393.58150818363845,364.3298684178312,Adventure,Drama,261
2,58,369.4776196441789,370.0435062675177,Adventure,Drama,261
2,59,345.0394245692244,375.1632380057594,Adventure,Drama,261
2,60,320.26692295877507,379.6890636325563,Adventure,Drama,261
2,61,295.16011481283095,383.6209831479084,Adventure,Drama,261
2,62,269.7190001313919,386.95899655181574,Adventure,Drama,261
2,63,243.94357891445796,389.7031038442782,Adventure,Drama,261
2,64,217.83385116202913,391.8533050252958,Adventure,Drama,261
2,65,191.38981687410552,393.4096000948688,Adventure,Drama,261
2,66,164.61147605068706,394.3719890529968,Adventure,Drama,261
2,67,137.49882869177364,394.7404718996801,Adventure,Drama,261
3,0,114.2886784949435,350.3105568170237,Adventure,Science Fiction,173
3,1,114.37188175659583,349.8344932375649,Adventure,Science Fiction,173
3,2,114.45587825377112,349.3585689758394,Adventure,Science Fiction,173
3,3,114.54066775319745,348.88278535356596,Adventure,Science Fiction,173
3,4,114.6262500194008,348.40714369207257,Adventure,Science Fiction,173
3,5,114.71262481470518,347.9316453122932,Adventure,Science Fiction,173
3,6,114.79979189923392,347.4562915347638,Adventure,Science Fiction,173
3,7,114.8877510309099,346.98108367961896,Adventure,Science Fiction,173
3,8,114.9765019654563,346.5060230665875,Adventure,Science Fiction,173
3,9,115.06604445639749,346.03111101498973,Adventure,Science Fiction,173
3,10,115.15637825505945,345.5563488437335,Adventure,Science Fiction,173
3,11,115.24750311057062,345.0817378713101,Adventure,Science Fiction,173
3,12,115.33941876986245,344.6072794157909,Adventure,Science Fiction,173
3,13,115.43212497767036,344.132974794824,Adventure,Science Fiction,173
3,14,141.6675889833708,348.8049028934632,Adventure,Science Fiction,173
3,15,166.17057623431407,352.1793490550615,Adventure,Science Fiction,173
3,16,188.9410867305002,354.256313279619,Adventure,Science Fiction,173
3,17,209.97912047192915,355.0357955671355,Adventure,Science Fiction,173
3,18,229.28467745860092,354.5177959176112,Adventure,Science Fiction,173
3,19,246.85775769051563,352.70231433104607,Adventure,Science Fiction,173
3,20,262.6983611676731,349.5893508074401,Adventure,Science Fiction,173
3,21,276.8064878900734,345.17890534679316,Adventure,Science Fiction,173
3,22,289.1821378577166,339.4709779491053,Adventure,Science Fiction,173
3,23,299.82531107060265,332.4655686143767,Adventure,Science Fiction,173
3,24,308.73600752873153,324.16267734260725,Adventure,Science Fiction,173
3,25,315.91422723210326,314.56230413379683,Adventure,Science Fiction,173
3,26,321.3599701807178,303.6644489879456,Adventure,Science Fiction,173
3,27,325.07323637457523,291.4691119050535,Adventure,Science Fiction,173
3,28,327.0540258136755,277.97629288512053,Adventure,Science Fiction,173
3,29,327.30233849801857,263.1859919281467,Adventure,Science Fiction,173
3,30,325.81817442760445,247.0982090341319,Adventure,Science Fiction,173
3,31,322.6015336024333,229.71294420307635,Adventure,Science Fiction,173
3,32,317.6524160225049,211.03019743497993,Adventure,Science Fiction,173
3,33,310.97082168781935,191.0499687298426,Adventure,Science Fiction,173
3,34,302.55675059837665,169.77225808766434,Adventure,Science Fiction,173
3,35,302.1732156773326,169.9349651314083,Adventure,Science Fiction,173
3,36,301.78995243710494,170.098311102998,Adventure,Science Fiction,173
3,37,301.4069619420782,170.26229554879504,Adventure,Science Fiction,173
3,38,301.0242452558786,170.4269180133883,Adventure,Science Fiction,173
3,39,300.6418034413727,170.59217803959433,Adventure,Science Fiction,173
3,40,300.2596375606631,170.75807516845938,Adventure,Science Fiction,173
3,41,299.8777486750862,170.92460893926034,Adventure,Science Fiction,173
3,42,299.49613784520966,171.0917788895058,Adventure,Science Fiction,173
3,43,299.1148061308282,171.25958455493787,Adventure,Science Fiction,173
3,44,298.7337545909616,171.42802546953308,Adventure,Science Fiction,173
3,45,298.3529842838521,171.59710116550366,Adventure,Science Fiction,173
3,46,297.97249626696004,171.76681117329906,Adventure,Science Fiction,173
3,47,297.5922915969627,171.93715502160708,Adventure,Science Fiction,173
3,48,306.46531817977325,193.02760218925135,Adventure,Science Fiction,173
3,49,313.57816775619796,212.85840179153797,Adventure,Science Fiction,173
3,50,318.9308403262368,231.4295538284669,Adventure,Science Fiction,173
3,51,322.52333588988955,248.74105830003813,Adventure,Science Fiction,173
3,52,324.3556544471565,264.7929152062517,Adventure,Science Fiction,173
3,53,324.4277959980376,279.5851245471076,Adventure,Science Fiction,173
3,54,322.73976054253274,293.11768632260583,Adventure,Science Fiction,173
3,55,319.2915480806419,305.3906005327463,Adventure,Science Fiction,173
3,56,314.08315861236514,316.4038671775291,Adventure,Science Fiction,173
3,57,307.1145921377026,326.15748625695426,Adventure,Science Fiction,173
3,58,298.38584865665405,334.6514577710217,Adventure,Science Fiction,173
3,59,287.8969281692196,341.8857817197315,Adventure,Science Fiction,173
3,60,275.64783067539923,347.8604581030836,Adventure,Science Fiction,173
3,61,261.638556175193,352.575486921078,Adventure,Science Fiction,173
3,62,245.8691046686008,356.03086817371474,Adventure,Science Fiction,173
3,63,228.3394761556227,358.22660186099375,Adventure,Science Fiction,173
3,64,209.04967063625867,359.16268798291514,Adventure,Science Fiction,173
3,65,187.99968811050877,358.8391265394788,Adventure,Science Fiction,173
3,66,165.18952857837297,357.2559175306848,Adventure,Science Fiction,173
3,67,140.61919203985119,354.4130609565331,Adventure,Science Fiction,173
4,0,461.0586386262836,116.50071843282404,Drama,Action,273
4,1,461.8039635557383,116.66226850487953,Drama,Action,273
4,2,462.5488610695018,116.82577804660934,Drama,Action,273
4,3,463.29332601611026,116.9912459272357,Drama,Action,273
4,4,464.0373532470913,117.15867100243776,Drama,Action,273
4,5,464.7809376169996,117.32805211435925,Drama,Action,273
4,6,465.52407398345264,117.49938809161665,Drama,Action,273
4,7,466.26675720716605,117.67267774930724,Drama,Action,273
4,8,467.00898215198913,117.8479198890173,Drama,Action,273
4,9,467.75074368494063,118.02511329883032,Drama,Action,273
4,10,468.4920366762441,118.20425675333553,Drama,Action,273
4,11,469.2328559993633,118.38534901363636,Drama,Action,273
4,12,469.97319653103796,118.56838882735872,Drama,Action,273
4,13,470.71305315131855,118.75337492866015,Drama,Action,273
4,14,463.89171737880304,145.41122286241037,Drama,Action,273
4,15,456.89686304246004,171.81398093578693,Drama,Action,273
4,16,449.7284901422895,197.96164914878975,Drama,Action,273
4,17,442.38659867829136,223.8542275014188,Drama,Action,273
4,18,434.87118865046574,249.49171599367406,Drama,Action,273
4,19,427.1822600588128,274.8741146255557,Drama,Action,273
4,20,419.31981290333226,300.0014233970636,Drama,Action,273
4,21,411.2838471840241,324.87364230819765,Drama,Action,273
4,22,403.07436290088845,349.490771358958,Drama,Action,273
4,23,394.69136005392545,373.85281054934467,Drama,Action,273
4,24,386.1348386431348,397.95975987935753,Drama,Action,273
4,25,377.40479866851666,421.81161934899677,Drama,Action,273
4,26,368.501240130071,445.4083889582622,Drama,Action,273
4,27,359.42416302779793,468.75006870715396,Drama,Action,273
4,28,350.1735673616973,491.83665859567185,Drama,Action,273
4,29,340.7494531317691,514.668158623816,Drama,Action,273
4,30,331.1518203380134,537.2445687915866,Drama,Action,273
4,31,321.38066898043024,559.5658890989833,Drama,Action,273
4,32,311.4359990590196,581.6321195460064,Drama,Action,273
4,33,301.3178105737814,603.4432601326556,Drama,Action,273
4,34,291.02610352471567,624.9993108589313,Drama,Action,273
4,35,291.6181753113175,625.2851084229752,Drama,Action,273
4,36,292.21099663063274,625.5693479900107,Drama,Action,273
4,37,292.80456338290617,625.8520275943314,Drama,Action,273
4,38,293.398871463227,626.1331452810189,Drama,Action,273
4,39,293.9939167615581,626.4126991059568,Drama,Action,273
4,40,294.5896951627635,626.6906871358435,Drama,Action,273
4,41,295.1862025466379,626.9671074482062,Drama,Action,273
4,42,295.78343478793397,627.2419581314136,Drama,Action,273
4,43,296.3813877563921,627.5152372846901,Drama,Action,273
4,44,296.9800573167679,627.7869430181273,Drama,Action,273
4,45,297.57943932886155,628.0570734526988,Drama,Action,273
4,46,298.17952964754613,628.3256267202721,Drama,Action,273
4,47,298.7803241227962,628.5926009636222,Drama,Action,273
4,48,308.32922514227835,606.6973721176456,Drama,Action,273
4,49,317.6959899384003,584.5531333823105,Drama,Action,273
4,50,326.8806185111622,562.159884757617,Drama,Action,273
4,51,335.8831108605638,539.5176262435647,Drama,Action,273
4,52,344.7034669866051,516.6263578401539,Drama,Action,273
4,53,353.3416868892865,493.48607954738475,Drama,Action,273
4,54,361.79777056860763,470.096791365257,Drama,Action,273
4,55,370.07171802456844,446.4584932937707,Drama,Action,273
4,56,378.16352925716916,422.5711853329259,Drama,Action,273
4,57,386.07320426640973,398.4348674827226,Drama,Action,273
4,58,393.80074305229004,374.0495397431609,Drama,Action,273
4,59,401.34614561481027,349.4152021142405,Drama,Action,273
4,60,408.70941195397023,324.5318545959616,Drama,Action,273
4,61,415.89054206977005,299.3994971883243,Drama,Action,273
4,62,422.8895359622097,274.0181298913284,Drama,Action,273
4,63,429.7063936312891,248.387752704974,Drama,Action,273
4,64,436.34111507700834,222.508365629261,Drama,Action,273
4,65,442.79370029936746,196.37996866418956,Drama,Action,273
4,66,449.0641492983664,170.00256180975964,Drama,Action,273
4,67,455.15246207400503,143.37614506597112,Drama,Action,273
5,0,515.8945575555655,134.16461573184108,Drama,Crime,423
5,1,516.9767900811373,134.63905603440145,Drama,Crime,423
5,2,518.0570804291849,135.11790215166116,Drama,Crime,423
5,3,519.1354106635378,135.60114613328932,Drama,Crime,423
5,4,520.2117628805695,136.08877995593718,Drama,Crime,423
5,5,521.2861192094949,136.58079552337085,Drama,Crime,423
5,6,522.358461812667,137.07718466660577,Drama,Crime,423
5,7,523.4287728858724,137.57793914404272,Drama,Crime,423
5,8,524.4970346586277,138.08305064160425,Drama,Crime,423
5,9,525.5632293944743,138.5925107728728,Drama,Crime,423
5,10,526.6273393912728,139.10631107923018,Drama,Crime,423
5,11,527.6893469814967,139.62444302999762,Drama,Crime,423
5,12,528.7492345325262,140.14689802257783,Drama,Crime,423
5,13,529.8069844469406,140.67366738259744,Drama,Crime,423
5,14,517.1821414966325,164.8908074955273,Drama,Crime,423
5,15,504.0327525403635,188.14673590719258,Drama,Crime,423
5,16,490.35881757813377,210.4414526175933,Drama,Crime,423
5,17,476.1603366099429,231.7749576267294,Drama,Crime,423
5,18,461.4373096357912,252.14725093460095,Drama,Crime,423
5,19,446.18973665567876,271.55833254120796,Drama,Crime,423
5,20,430.4176176696054,290.00820244655034,Drama,Crime,423
5,21,414.12095267757115,307.49686065062815,Drama,Crime,423
5,22,397.29974167957596,324.0243071534413,Drama,Crime,423
5,23,379.95398467561995,339.59054195499004,Drama,Crime,423
5,24,362.0836816657031,354.19556505527413,Drama,Crime,423
5,25,343.6888326498253,367.83937645429364,Drama,Crime,423
5,26,324.7694376279867,380.52197615204864,Drama,Crime,423
5,27,305.3254966001872,392.24336414853894,Drama,Crime,423
5,28,285.35700956642677,403.00354044376473,Drama,Crime,423
5,29,264.86397652670547,412.80250503772595,Drama,Crime,423
5,30,243.8463974810233,421.64025793042254,Drama,Crime,423
5,31,222.30427242938032,429.51679912185466,Drama,Crime,423
5,32,200.23760137177646,436.4321286120221,Drama,Crime,423
5,33,177.64638430821162,442.386246400925,Drama,Crime,423
5,34,154.53062123868594,447.3791524885633,Drama,Crime,423
5,35,154.7257139905413,448.3789688041225,Drama,Crime,423
5,36,154.92487905627416,449.37798187874995,Drama,Crime,423
5,37,155.1281131291267,450.3761751257301,Drama,Crime,423
5,38,155.33541283478294,451.3735319719591,Drama,Crime,423
5,39,155.54677473142482,452.3700358582199,Drama,Crime,423
5,40,155.76219530978932,453.36567023945736,Drama,Crime,423
5,41,155.9816709932267,454.3604185850527,Drama,Crime,423
5,42,156.20519813775988,455.3542643790981,Drama,Crime,423
5,43,156.432773032145,456.34719112067097,Drama,Crime,423
5,44,156.66439189793306,457.33918232410787,Drama,Crime,423
5,45,156.90005088953234,458.3302215192779,Drama,Crime,423
5,46,157.1397460942728,459.32029225185687,Drama,Crime,423
5,47,157.38347353247053,460.3093780835997,Drama,Crime,423
5,48,180.20245798309244,454.09958242442565,Drama,Crime,423
5,49,202.4467396268574,446.957696034256,Drama,Crime,423
5,50,224.11631846376542,438.8837189130905,Drama,Crime,423
5,51,245.21119449381638,429.87765106092917,Drama,Crime,423
5,52,265.73136771701036,419.93949247777215,Drama,Crime,423
5,53,285.6768381333475,409.06924316361955,Drama,Crime,423
5,54,305.04760574282756,397.26690311847113,Drama,Crime,423
5,55,323.84367054545055,384.53247234232697,Drama,Crime,423
5,56,342.0650325412166,370.865950835187,Drama,Crime,423
5,57,359.7116917301258,356.2673385970514,Drama,Crime,423
5,58,376.78364811217796,340.7366356279201,Drama,Crime,423
5,59,393.2809016873731,324.27384192779294,Drama,Crime,423
5,60,409.2034524557113,306.87895749667007,Drama,Crime,423
5,61,424.55130041719246,288.55198233455155,Drama,Crime,423
5,62,439.3244455718167,269.2929164414373,Drama,Crime,423
5,63,453.5228879195839,249.10175981732726,Drama,Crime,423
5,64,467.14662746049424,227.97851246222146,Drama,Crime,423
5,65,480.1956641945475,205.92317437612002,Drama,Crime,423
5,66,492.6699981217438,182.9357455590228,Drama,Crime,423
5,67,504.5696292420831,159.0162260109298,Drama,Crime,423
6,0,425.53323496445444,111.12623187238,Drama,Thriller,990
6,1,428.2868814538359,111.3828620167946,Drama,Thriller,990
6,2,431.03795540841725,111.66574028730975,Drama,Thriller,990
6,3,433.786206633298,111.97484095771756,Drama,Thriller,990
6,4,436.5313851902894,112.31013591702839,Drama,Thriller,990
6,5,439.27324142064504,112.67159467202737,Drama,Thriller,990
6,6,442.0115259677652,113.05918435004787,Drama,Thriller,990
6,7,444.7459897998752,113.47286970196092,Drama,Thriller,990
6,8,447.47638423267307,113.91261310538067,Drama,Thriller,990
6,9,450.20246095194636,114.37837456808649,Drama,Thriller,990
6,10,452.92397203615417,114.87011173165945,Drama,Thriller,990
6,11,455.6406699789753,115.38777987533501,Drama,Thriller,990
6,12,458.3523077118168,115.93133192006997,Drama,Thriller,990
6,13,461.0586386262836,116.50071843282404,Drama,Thriller,990
6,14,455.72952804394095,143.3056584160503,Drama,Thriller,990
6,15,451.37241317811015,169.72061521007666,Drama,Thriller,990
6,16,447.9872940287909,195.74558881490304,Drama,Thriller,990
6,17,445.5741705959833,221.3805792305294,Drama,Thriller,990
6,18,444.1330428796874,246.62558645695583,Drama,Thriller,990
6,19,443.66391087990326,271.4806104941823,Drama,Thriller,990
6,20,444.1667745966309,295.94565134220886,Drama,Thriller,990
6,21,445.64163402987003,320.02070900103536,Drama,Thriller,990
6,22,448.08848917962086,343.70578347066186,Drama,Thriller,990
6,23,451.50734004588344,367.00087475108853,Drama,Thriller,990
6,24,455.89818662865775,389.9059828423151,Drama,Thriller,990
6,25,461.2610289279437,412.4211077443418,Drama,Thriller,990
6,26,467.5958669437413,434.5462494571685,Drama,Thriller,990
6,27,474.9027006760507,456.2814079807952,Drama,Thriller,990
6,28,483.18153012487164,477.626583315222,Drama,Thriller,990
6,29,492.4323552902043,498.58177546044874,Drama,Thriller,990
6,30,502.6551761720487,519.1469844164756,Drama,Thriller,990
6,31,513.8499927704048,539.3222101833024,Drama,Thriller,990
6,32,526.0168050852725,559.1074527609294,Drama,Thriller,990
6,33,539.1556131166519,578.5027121493563,Drama,Thriller,990
6,34,553.2664168645431,597.5079883485832,Drama,Thriller,990
6,35,555.1429570323252,596.0374017458558,Drama,Thriller,990
6,36,557.0053878096245,594.548986629973,Drama,Thriller,990
6,37,558.8535398187034,593.0428783640245,Drama,Thriller,990
6,38,560.687244980399,591.5192139201945,Drama,Thriller,990
6,39,562.5063365294086,589.9781318673037,Drama,Thriller,990
6,40,564.3106490294567,588.4197723582074,Drama,Thriller,990
6,41,566.1000183883402,586.8442771170502,Drama,Thriller,990
6,42,567.8742818728518,585.2517894263758,Drama,Thriller,990
6,43,569.6332781235795,583.6424541140973,Drama,Thriller,990
6,44,571.3768471695813,582.016417540325,Drama,Thriller,990
6,45,573.1048304429341,580.3738275840567,Drama,Thriller,990
6,46,574.817070793154,578.714833629728,Drama,Thriller,990
6,47,576.5134125014888,577.0395865536271,Drama,Thriller,990
6,48,560.1607669740589,559.9250813000527,Drama,Thriller,990
6,49,544.7244327730052,542.303391549544,Drama,Thriller,990
6,50,530.2044098983276,524.1745173021012,Drama,Thriller,990
6,51,516.6006983500262,505.5384585577241,Drama,Thriller,990
6,52,503.9132981281008,486.3952153164127,Drama,Thriller,990
6,53,492.1422092325518,466.74478757816735,Drama,Thriller,990
6,54,481.2874316633789,446.5871753429876,Drama,Thriller,990
6,55,471.3489654205821,425.9223786108737,Drama,Thriller,990
6,56,462.32681050416136,404.75039738182556,Drama,Thriller,990
6,57,454.22096691411696,383.0712316558433,Drama,Thriller,990
6,58,447.03143465044866,360.8848814329268,Drama,Thriller,990
6,59,440.7582137131566,338.19134671307603,Drama,Thriller,990
6,60,435.4013041022405,314.99062749629104,Drama,Thriller,990
6,61,430.9607058177007,291.28272378257196,Drama,Thriller,990
6,62,427.43641885953707,267.0676355719186,Drama,Thriller,990
6,63,424.8284432277495,242.345362864331,Drama,Thriller,990
6,64,423.1367789223382,217.1159056598092,Drama,Thriller,990
6,65,422.36142594330306,191.37926395835325,Drama,Thriller,990
6,66,422.502384290644,165.13543775996308,Drama,Thriller,990
6,67,423.5596539643612,138.38442706463866,Drama,Thriller,990
7,0,231.49196747273643,163.98084193483214,Science Fiction,Action,248
7,1,232.05628466352167,163.57895931415086,Science Fiction,Action,248
7,2,232.62156031874082,163.1784259619342,Science Fiction,Action,248
7,3,233.18779121233328,162.779244164049,Science Fiction,Action,248
7,4,233.75497411278656,162.38141619864888,Science Fiction,Action,248
7,5,234.3231057831557,161.98494433616057,Science Fiction,Action,248
7,6,234.8921829810804,161.58983083927197,Science Fiction,Action,248
7,7,235.46220245880437,161.19607796291845,Science Fiction,Action,248
7,8,236.03316096319375,160.80368795427037,Science Fiction,Action,248
7,9,236.60505523575546,160.41266305272,Science Fiction,Action,248
7,10,237.17788201265586,160.02300548986912,Science Fiction,Action,248
7,11,237.75163802474006,159.6347174895155,Science Fiction,Action,248
7,12,238.3263199975493,159.24780126764122,Science Fiction,Action,248
7,13,238.90192465134052,158.86225903239944,Science Fiction,Action,248
7,14,253.5530557551502,181.74457137663762,Science Fiction,Action,248
7,15,266.8211013811204,204.46051012980928,Science Fiction,Action,248
7,16,278.70606152925103,227.01007529191438,Science Fiction,Action,248
7,17,289.2079361995421,249.39326686295286,Science Fiction,Action,248
7,18,298.32672539199365,271.6100848429248,Science Fiction,Action,248
7,19,306.06242910660575,293.6605292318302,Science Fiction,Action,248
7,20,312.41504734337826,315.544600029669,Science Fiction,Action,248
7,21,317.38458010231113,337.26229723644127,Science Fiction,Action,248
7,22,320.97102738340453,358.81362085214687,Science Fiction,Action,248
7,23,323.17438918665846,380.1985708767861,Science Fiction,Action,248
7,24,323.99466551207286,401.41714731035864,Science Fiction,Action,248
7,25,323.4318563596476,422.46935015286465,Science Fiction,Action,248
7,26,321.4859617293829,443.3551794043041,Science Fiction,Action,248
7,27,318.15698162127865,464.07463506467695,Science Fiction,Action,248
7,28,313.4449160353348,484.62771713398325,Science Fiction,Action,248
7,29,307.3497649715515,505.014425612223,Science Fiction,Action,248
7,30,299.8715284299286,525.2347604993962,Science Fiction,Action,248
7,31,291.01020641046625,545.2887217955029,Science Fiction,Action,248
7,32,280.7657989131643,565.176309500543,Science Fiction,Action,248
7,33,269.13830593802277,584.8975236145164,Science Fiction,Action,248
7,34,256.12772748504176,604.4523641374234,Science Fiction,Action,248
7,35,256.61656310121197,604.7954834050089,Science Fiction,Action,248
7,36,257.1062170148957,605.1374338930024,Science Fiction,Action,248
7,37,257.5966864316101,605.4782136498729,Science Fiction,Action,248
7,38,258.08796855221783,605.8178207307708,Science Fiction,Action,248
7,39,258.5800605729438,606.1562531975388,Science Fiction,Action,248
7,40,259.07295968539046,606.4935091187236,Science Fiction,Action,248
7,41,259.56666307655416,606.8295865695861,Science Fiction,Action,248
7,42,260.0611679288414,607.1644836321132,Science Fiction,Action,248
7,43,260.5564714200847,607.4981983950279,Science Fiction,Action,248
7,44,261.05257072355823,607.8307289538009,Science Fiction,Action,248
7,45,261.5494630079951,608.1620734106612,Science Fiction,Action,248
7,46,262.0471454376022,608.4922298746069,Science Fiction,Action,248
7,47,262.54561517207753,608.8211964614162,Science Fiction,Action,248
7,48,274.9427166356094,588.8717900827694,Science Fiction,Action,248
7,49,285.95223343993405,568.7990369394797,Science Fiction,Action,248
7,50,295.5741655850516,548.6029370315474,Science Fiction,Action,248
7,51,303.80851307096185,528.2834903589719,Science Fiction,Action,248
7,52,310.6552758976649,507.84069692175353,Science Fiction,Action,248
7,53,316.1144540651609,487.27455671989253,Science Fiction,Action,248
7,54,320.1860475734496,466.58506975338867,Science Fiction,Action,248
7,55,322.87005642253115,445.7722360222417,Science Fiction,Action,248
7,56,324.1664806124054,424.8360555264519,Science Fiction,Action,248
7,57,324.0753201430726,403.7765282660194,Science Fiction,Action,248
7,58,322.5965750145326,382.59365424094403,Science Fiction,Action,248
7,59,319.7302452267853,361.28743345122575,Science Fiction,Action,248
7,60,315.47633077983085,339.8578658968645,Science Fiction,Action,248
7,61,309.83483167366927,318.30495157786055,Science Fiction,Action,248
7,62,302.8057479083004,296.6286904942137,Science Fiction,Action,248
7,63,294.38907948372446,274.8290826459239,Science Fiction,Action,248
7,64,284.58482639994116,252.90612803299123,Science Fiction,Action,248
7,65,273.3929886569508,230.85982665541582,Science Fiction,Action,248
7,66,260.81356625475325,208.69017851319748,Science Fiction,Action,248
7,67,246.8465591933484,186.39718360633626,Science Fiction,Action,248
8,0,238.90192465134052,158.86225903239944,Science Fiction,Adventure,159
8,1,239.2714453958853,158.61580056915048,Science Fiction,Adventure,159
8,2,239.64134318812776,158.3699083609573,Science Fiction,Adventure,159
8,3,240.0116171603373,158.1245829846499,Science Fiction,Adventure,159
8,4,240.38226644390028,157.8798250157291,Science Fiction,Adventure,159
8,5,240.75329016932324,157.6356350283643,Science Fiction,Adventure,159
8,6,241.12468746623418,157.39201359539248,Science Fiction,Adventure,159
8,7,241.49645746338484,157.14896128831685,Science Fiction,Adventure,159
8,8,241.86859928865215,156.9064786773059,Science Fiction,Adventure,159
8,9,242.24111206904132,156.66456633119125,Science Fiction,Adventure,159
8,10,242.61399493068723,156.42322481746695,Science Fiction,Adventure,159
8,11,242.98724699885668,156.18245470228777,Science Fiction,Adventure,159
8,12,243.3608673979499,155.94225655046844,Science Fiction,Adventure,159
8,13,243.73485525150352,155.70263092548163,Science Fiction,Adventure,159
8,14,257.7424610013952,178.19035412622267,Science Fiction,Adventure,159
8,15,270.00048877516656,199.12069152377575,Science Fiction,Adventure,159
8,16,280.5089385728173,218.49364311814077,Science Fiction,Adventure,159
8,17,289.26781039434746,236.30920890931773,Science Fiction,Adventure,159
8,18,296.27710423975714,252.56738889730664,Science Fiction,Adventure,159
8,19,301.53682010904635,267.26818308210767,Science Fiction,Adventure,159
8,20,305.04695800221504,280.4115914637206,Science Fiction,Adventure,159
8,21,306.8075179192631,291.9976140421454,Science Fiction,Adventure,159
8,22,306.8184998601906,302.0262508173822,Science Fiction,Adventure,159
8,23,305.0799038249977,310.4975017894311,Science Fiction,Adventure,159
8,24,301.59172981368425,317.4113669582919,Science Fiction,Adventure,159
8,25,296.35397782625023,322.7678463239647,Science Fiction,Adventure,159
8,26,289.3666478626957,326.56693988644946,Science Fiction,Adventure,159
8,27,280.6297399230207,328.8086476457462,Science Fiction,Adventure,159
8,28,270.14325400722515,329.49296960185484,Science Fiction,Adventure,159
8,29,257.90719011530905,328.6199057547756,Science Fiction,Adventure,159
8,30,243.92154824727237,326.18945610450817,Science Fiction,Adventure,159
8,31,228.18632840311528,322.20162065105285,Science Fiction,Adventure,159
8,32,210.70153058283765,316.6563993944094,Science Fiction,Adventure,159
8,33,191.4671547864394,309.553792334578,Science Fiction,Adventure,159
8,34,170.48320101392068,300.8937994715585,Science Fiction,Adventure,159
8,35,170.33167701834438,301.2454486173224,Science Fiction,Adventure,159
8,36,170.18069179394422,301.597329428059,Science Fiction,Adventure,159
8,37,170.0302456949113,301.9494410783032,Science Fiction,Adventure,159
8,38,169.88033907417213,302.3017827420479,Science Fiction,Adventure,159
8,39,169.73097228338753,302.65435359274693,Science Fiction,Adventure,159
8,40,169.58214567295204,303.0071528033159,Science Fiction,Adventure,159
8,41,169.43385959199298,303.3601795461353,Science Fiction,Adventure,159
8,42,169.28611438836973,303.71343299305147,Science Fiction,Adventure,159
8,43,169.1389104086727,304.0669123153792,Science Fiction,Adventure,159
8,44,168.99224799822278,304.42061668390306,Science Fiction,Adventure,159
8,45,168.84612750107036,304.77454526888005,Science Fiction,Adventure,159
8,46,168.70054925999463,305.1286972400409,Science Fiction,Adventure,159
8,47,168.5555136165026,305.4830717665926,Science Fiction,Adventure,159
8,48,189.70772646542486,313.7235622804296,Science Fiction,Adventure,159
8,49,209.07970093914466,320.4418093965296,Science Fiction,Adventure,159
8,50,226.67143703766192,325.6378131148926,Science Fiction,Adventure,159
8,51,242.48293476097663,329.3115734355185,Science Fiction,Adventure,159
8,52,256.5141941090888,331.4630903584074,Science Fiction,Adventure,159
8,53,268.76521508199846,332.09236388355947,Science Fiction,Adventure,159
8,54,279.2359976797057,331.19939401097446,Science Fiction,Adventure,159
8,55,287.92654190221026,328.7841807406524,Science Fiction,Adventure,159
8,56,294.83684774951234,324.84672407259336,Science Fiction,Adventure,159
8,57,299.96691522161194,319.3870240067974,Science Fiction,Adventure,159
8,58,303.316744318509,312.40508054326443,Science Fiction,Adventure,159
8,59,304.8863350402035,303.9008936819944,Science Fiction,Adventure,159
8,60,304.6756873866955,293.87446342298733,Science Fiction,Adventure,159
8,61,302.68480135798495,282.3257897662434,Science Fiction,Adventure,159
8,62,298.9136769540719,269.2548727117624,Science Fiction,Adventure,159
8,63,293.36231417495634,254.6617122595444,Science Fiction,Adventure,159
8,64,286.0307130206382,238.54630840958936,Science Fiction,Adventure,159
8,65,276.9188734911176,220.9086611618974,Science Fiction,Adventure,159
8,66,266.0267955863944,201.74877051646848,Science Fiction,Adventure,159
8,67,253.35447930646876,181.06663647330245,Science Fiction,Adventure,159
9,0,442.5271612521215,686.864847194347,Action,Comedy,674
9,1,440.6637973452562,687.1349083365935,Action,Comedy,674
9,2,438.7987193418043,687.3928659125621,Action,Comedy,674
9,3,436.93200586019424,687.6387090485955,Action,Comedy,674
9,4,435.0637355877944,687.8724273816949,Action,Comedy,674
9,5,433.1939872775966,688.0940110599572,Action,Comedy,674
9,6,431.32283974489616,688.3034507429898,Action,Comedy,674
9,7,429.4503718639697,688.5007376023048,Action,Comedy,674
9,8,427.5766625647502,688.6858633216907,Action,Comedy,674
9,9,425.70179082950017,688.8588200975636,Action,Comedy,674
9,10,423.8258356894821,689.0196006392954,Action,Comedy,674
9,11,421.9488762216272,689.1681981695215,Action,Comedy,674
9,12,420.07099154520176,689.3046064244268,Action,Comedy,674
9,13,418.1922608184725,689.4288196540087,Action,Comedy,674
9,14,417.0294622578745,662.7254296244162,Action,Comedy,674
9,15,417.00625911293264,637.7445585173552,Action,Comedy,674
9,16,418.1226513836469,614.4862063328253,Action,Comedy,674
9,17,420.3786390700169,592.9503730708263,Action,Comedy,674
9,18,423.77422217204304,573.1370587313586,Action,Comedy,674
9,19,428.30940068972535,555.0462633144222,Action,Comedy,674
9,20,433.98417462306355,538.677986820017,Action,Comedy,674
9,21,440.7985439720578,524.0322292481428,Action,Comedy,674
9,22,448.752508736708,511.10899059879983,Action,Comedy,674
9,23,457.84606891701446,499.90827087198824,Action,Comedy,674
9,24,468.07922451297674,490.4300700677077,Action,Comedy,674
9,25,479.4519755245951,482.6743881859584,Action,Comedy,674
9,26,491.9643219518696,476.6412252267402,Action,Comedy,674
9,27,505.61626379480003,472.3305811900532,Action,Comedy,674
9,28,520.4078010533865,469.7424560758974,Action,Comedy,674
9,29,536.338933727629,468.8768498842728,Action,Comedy,674
9,30,553.4096618175274,469.73376261517933,Action,Comedy,674
9,31,571.6199853230821,472.3131942686171,Action,Comedy,674
9,32,590.9699042442926,476.61514484458604,Action,Comedy,674
9,33,611.4594185811593,482.6396143430862,Action,Comedy,674
9,34,633.0885283336819,490.38660276411747,Action,Comedy,674
9,35,633.670449907345,488.871372444106,Action,Comedy,674
9,36,634.2425215961784,487.35239593888565,Action,Comedy,674
9,37,634.8047192857075,485.8297372777062,Action,Comedy,674
9,38,635.3570192776746,484.30346064503124,Action,Comedy,674
9,39,635.8993982910386,482.77363037783203,Action,Comedy,674
9,40,636.4318334629565,481.240310962876,Action,Comedy,674
9,41,636.9543023497472,479.7035670340081,Action,Comedy,674
9,42,637.4667829278367,478.16346336942655,Action,Comedy,674
9,43,637.9692535946876,476.62006488895213,Action,Comedy,674
9,44,638.4616931697092,475.0734366512915,Action,Comedy,674
9,45,638.9440808951499,473.5236438512951,Action,Comedy,674
9,46,639.4163964369728,471.9707518172088,Action,Comedy,674
9,47,639.878619885713,470.4148260079199,Action,Comedy,674
9,48,617.6734129604021,464.5188100915245,Action,Comedy,674
9,49,596.7489578769861,460.24311015337065,Action,Comedy,674
9,50,577.1052546354651,457.58772619345854,Action,Comedy,674
9,51,558.742303235839,456.55265821178773,Action,Comedy,674
9,52,541.6601036781077,457.1379062083586,Action,Comedy,674
9,53,525.8586559622717,459.3434701831711,Action,Comedy,674
9,54,511.3379600883304,463.16935013622526,Action,Comedy,674
9,55,498.09801605628405,468.6155460675208,Action,Comedy,674
9,56,486.1388238661326,475.6820579770579,Action,Comedy,674
9,57,475.4603835178762,484.3688858648368,Action,Comedy,674
9,58,466.06269501151473,494.67602973085707,Action,Comedy,674
9,59,457.94575834704824,506.60348957511906,Action,Comedy,674
9,60,451.10957352447656,520.1512653976224,Action,Comedy,674
9,61,445.5541405437999,535.3193571983676,Action,Comedy,674
9,62,441.2794594050182,552.1077649773541,Action,Comedy,674
9,63,438.2855301081314,570.5164887345824,Action,Comedy,674
9,64,436.57235265313943,590.5455284700522,Action,Comedy,674
9,65,436.1399270400426,612.1948841837635,Action,Comedy,674
9,66,436.98825326884065,635.4645558757164,Action,Comedy,674
9,67,439.1173313395336,660.354543545911,Action,Comedy,674
10,0,111.89353700692067,366.9142631694953,Adventure,Action,328
10,1,111.99951170053845,366.00413643879995,Adventure,Action,328
10,2,112.10836147221602,365.094349085173,Adventure,Action,328
10,3,112.22008523531758,364.1849101909246,Adventure,Action,328
10,4,112.33468187451695,363.2758288348855,Adventure,Action,328
10,5,112.45215024580801,362.36711409231776,Adventure,Action,328
10,6,112.57248917651663,361.4587750348235,Adventure,Action,328
10,7,112.6956974653121,360.5508207302544,Adventure,Action,328
10,8,112.8217738822193,359.6432602426209,Adventure,Action,328
10,9,112.95071716863083,358.73610263200237,Adventure,Action,328
10,10,113.08252603731972,357.8293569544562,Adventure,Action,328
10,11,113.21719917245201,356.92303226192763,Adventure,Action,328
10,12,113.3547352296003,356.01713760215875,Adventure,Action,328
10,13,113.4951328357568,355.11168201859914,Adventure,Action,328
10,14,139.83010219495657,359.7650174033651,Adventure,Action,328
10,15,164.2626546222238,365.17486775168203,Adventure,Action,328
10,16,186.7927901175586,371.3412330635499,Adventure,Action,328
10,17,207.42050868096086,378.26411333896857,Adventure,Action,328
10,18,226.14581031243057,385.9435085779381,Adventure,Action,328
10,19,242.96869501196784,394.37941878045865,Adventure,Action,328
10,20,257.88916277957264,403.5718439465301,Adventure,Action,328
10,21,270.90721361524487,413.5207840761524,Adventure,Action,328
10,22,282.0228475189846,424.22623916932554,Adventure,Action,328
10,23,291.2360644907918,435.6882092260497,Adventure,Action,328
10,24,298.5468645306666,447.9066942463246,Adventure,Action,328
10,25,303.95524763860885,460.88169423015063,Adventure,Action,328
10,26,307.46121381461853,474.6132091775274,Adventure,Action,328
10,27,309.0647630586958,489.10123908845515,Adventure,Action,328
10,28,308.76589537084055,504.3457839629337,Adventure,Action,328
10,29,306.5646107510528,520.3468438009631,Adventure,Action,328
10,30,302.4609091993325,537.1044186025435,Adventure,Action,328
10,31,296.45479071567974,554.6185083676748,Adventure,Action,328
10,32,288.54625530009446,572.889113096357,Adventure,Action,328
10,33,278.73530295257666,591.9162327885902,Adventure,Action,328
10,34,267.02193367312634,611.6998674443741,Adventure,Action,328
10,35,267.69147749058527,612.1189639597924,Adventure,Action,328
10,36,268.36234212986784,612.5359429142893,Adventure,Action,328
10,37,269.03452089380414,612.9508001452086,Adventure,Action,328
10,38,269.7080070721056,613.363531511075,Adventure,Action,328
10,39,270.3827939414317,613.7741328916355,Adventure,Action,328
10,40,271.0588747654574,614.1826001879003,Adventure,Action,328
10,41,271.7362427949399,614.5889293221843,Adventure,Action,328
10,42,272.41489126778697,614.993116238147,Adventure,Action,328
10,43,273.0948134091234,615.3951569008337,Adventure,Action,328
10,44,273.7760024313592,615.7950472967157,Adventure,Action,328
10,45,274.45845153425705,616.1927834337296,Adventure,Action,328
10,46,275.1421539050009,616.5883613413184,Adventure,Action,328
10,47,275.82710271826306,616.9817770704701,Adventure,Action,328
10,48,286.7182191027486,596.733843744575,Adventure,Action,328
10,49,295.7395878215888,577.3199060660265,Adventure,Action,328
10,50,302.8912088747835,558.739964034825,Adventure,Action,328
10,51,308.17308226233274,540.99401765097,Adventure,Action,328
10,52,311.5852079842366,524.0820669144618,Adventure,Action,328
10,53,313.1275860404951,508.0041118253007,Adventure,Action,328
10,54,312.80021643110814,492.76015238348623,Adventure,Action,328
10,55,310.6030991560757,478.35018858901844,Adventure,Action,328
10,56,306.5362342153978,464.77422044189746,Adventure,Action,328
10,57,300.5996216090746,452.0322479421234,Adventure,Action,328
10,58,292.79326133710595,440.12427108969604,Adventure,Action,328
10,59,283.11715339949177,429.05028988461544,Adventure,Action,328
10,60,271.5712977962323,418.8103043268816,Adventure,Action,328
10,61,258.15569452732734,409.4043144164946,Adventure,Action,328
10,62,242.87034359277695,400.83232015345436,Adventure,Action,328
10,63,225.71524499258112,393.0943215377609,Adventure,Action,328
10,64,206.69039872673986,386.1903185694142,Adventure,Action,328
10,65,185.79580479525325,380.12031124841434,Adventure,Action,328
10,66,163.03146319812117,374.88429957476126,Adventure,Action,328
10,67,138.39737393534364,370.4822835484549,Adventure,Action,328
11,0,623.5298387646344,584.7550031307854,Thriller,Crime,311
11,1,622.9753447764335,585.423827006754,Thriller,Crime,311
11,2,622.4188496071554,586.090986722704,Thriller,Crime,311
11,3,621.8603582512876,586.756476290945,Thriller,Crime,311
11,4,621.2998757212335,587.4202897387755,Thriller,Crime,311
11,5,620.737407047267,588.0824211085373,Thriller,Crime,311
11,6,620.172957277487,588.7428644576687,Thriller,Crime,311
11,7,619.6065314777729,589.4016138587576,Thriller,Crime,311
11,8,619.0381347317391,590.0586633995949,Thriller,Crime,311
11,9,618.4677721406883,590.714007183228,Thriller,Crime,311
11,10,617.895448823567,591.3676393280125,Thriller,Crime,311
11,11,617.3211699169188,592.0195539676668,Thriller,Crime,311
11,12,616.7449405748387,592.6697452513229,Thriller,Crime,311
11,13,616.1667659689263,593.3182073435802,Thriller,Crime,311
11,14,595.5058140789326,575.4043118735631,Thriller,Crime,311
11,15,574.6975804982716,558.4851411480032,Thriller,Crime,311
11,16,553.7420652269427,542.5606951669006,Thriller,Crime,311
11,17,532.6392682649462,527.6309739302551,Thriller,Crime,311
11,18,511.3891896122818,513.6959774380668,Thriller,Crime,311
11,19,489.99182926895,500.7557056903359,Thriller,Crime,311
11,20,468.44718723495043,488.8101586870623,Thriller,Crime,311
11,21,446.75526351028316,477.8593364282457,Thriller,Crime,311
11,22,424.916058094948,467.90323891388636,Thriller,Crime,311
11,23,402.92957098894544,458.9418661439843,Thriller,Crime,311
11,24,380.7958021922752,450.97521811853954,Thriller,Crime,311
11,25,358.51475170493705,444.00329483755195,Thriller,Crime,311
11,26,336.08641952693125,438.02609630102154,Thriller,Crime,311
11,27,313.51080565825794,433.0436225089485,Thriller,Crime,311
11,28,290.78791009891677,429.05587346133257,Thriller,Crime,311
11,29,267.917732848908,426.0628491581739,Thriller,Crime,311
11,30,244.90027390823144,424.0645495994724,Thriller,Crime,311
11,31,221.7355332768873,423.06097478522827,Thriller,Crime,311
11,32,198.4235109548755,423.05212471544127,Thriller,Crime,311
11,33,174.9642069421959,424.0379993901115,Thriller,Crime,311
11,34,151.35762123884862,426.018598809239,Thriller,Crime,311
11,35,151.4366837907029,426.76336740839946,Thriller,Crime,311
11,36,151.51797717307963,427.50789580905507,Thriller,Crime,311
11,37,151.60150065637902,428.25217732913916,Thriller,Crime,311
11,38,151.68725349098622,428.99620528880047,Thriller,Crime,311
11,39,151.77523490727827,429.73997301046387,Thriller,Crime,311
11,40,151.8654441156309,430.4834738188895,Thriller,Crime,311
11,41,151.95788030642566,431.226701041233,Thriller,Crime,311
11,42,152.0525426500571,431.9696480071056,Thriller,Crime,311
11,43,152.14943029694024,432.71230804863376,Thriller,Crime,311
11,44,152.2485423775183,433.4546745005188,Thriller,Crime,311
11,45,152.34987800227051,434.1967407000975,Thriller,Crime,311
11,46,152.45343626171987,434.938499987401,Thriller,Crime,311
11,47,152.55921622644155,435.6799457052149,Thriller,Crime,311
11,48,176.0707853273044,432.78170812974315,Thriller,Crime,311
11,49,199.4739147682629,430.88317553765467,Thriller,Crime,311
11,50,222.76860454931696,429.9843479289495,Thriller,Crime,311
11,51,245.95485467046657,430.08522530362734,Thriller,Crime,311
11,52,269.0326651317117,431.18580766168844,Thriller,Crime,311
11,53,292.0020359330526,433.28609500313297,Thriller,Crime,311
11,54,314.862967074489,436.38608732796064,Thriller,Crime,311
11,55,337.6154585560209,440.4857846361714,Thriller,Crime,311
11,56,360.2595103776484,445.5851869277654,Thriller,Crime,311
11,57,382.7951225393715,451.68429420274276,Thriller,Crime,311
11,58,405.22229504119025,458.7831064611032,Thriller,Crime,311
11,59,427.54102788310456,466.8816237028469,Thriller,Crime,311
11,60,449.75132106511444,475.9798459279739,Thriller,Crime,311
11,61,471.8531745872199,486.0777731364841,Thriller,Crime,311
11,62,493.8465884494209,497.17540532837745,Thriller,Crime,311
11,63,515.7315626517175,509.27274250365406,Thriller,Crime,311
11,64,537.5080971941097,522.3697846623139,Thriller,Crime,311
11,65,559.1761920765975,536.4665318043569,Thriller,Crime,311
11,66,580.7358472991809,551.5629839297832,Thriller,Crime,311
11,67,602.1870628618598,567.6591410385927,Thriller,Crime,311
12,0,664.9429824441215,282.0796198546922,Comedy,Drama,1644
12,1,666.7771162259006,286.28997292150393,Comedy,Drama,1644
12,2,668.5443459876402,290.52884289425555,Comedy,Drama,1644
12,3,670.2442285324985,294.7951667228415,Comedy,Drama,1644
12,4,671.8763375533864,299.08787447210767,Comedy,Drama,1644
12,5,673.4402637398796,303.4058895901769,Comedy,Drama,1644
12,6,674.9356148808679,307.74812917843303,Comedy,Drama,1644
12,7,676.3620159629165,312.11350426309696,Comedy,Drama,1644
12,8,677.719109264314,316.50092006832625,Comedy,Drama,1644
12,9,679.0065544447841,320.90927629077,Comedy,Drama,1644
12,10,680.2240286308383,325.33746737550933,Comedy,Drama,1644
12,11,681.3712264967482,329.7843827933159,Comedy,Drama,1644
12,12,682.447860341117,334.2489073191566,Comedy,Drama,1644
12,13,683.4536601590307,338.7299213118773,Comedy,Drama,1644
12,14,657.4915259564947,344.0154754501049,Comedy,Drama,1644
12,15,633.596296712512,348.20164668609766,Comedy,Drama,1644
12,16,611.7679724270822,351.28843501985557,Comedy,Drama,1644
12,17,592.0065531002053,353.27584045137854,Comedy,Drama,1644
12,18,574.3120387318817,354.16386298066664,Comedy,Drama,1644
12,19,558.6844293221111,353.95250260772,Comedy,Drama,1644
12,20,545.1237248708937,352.6417593325385,Comedy,Drama,1644
12,21,533.629925378229,350.2316331551221,Comedy,Drama,1644
12,22,524.2030308441176,346.72212407547084,Comedy,Drama,1644
12,23,516.8430412685593,342.11323209358477,Comedy,Drama,1644
12,24,511.549956651554,336.4049572094639,Comedy,Drama,1644
12,25,508.3237769931018,329.59729942310804,Comedy,Drama,1644
12,26,507.16450229320253,321.6902587345174,Comedy,Drama,1644
12,27,508.0721325518565,312.6838351436919,Comedy,Drama,1644
12,28,511.0466677690634,302.5780286506315,Comedy,Drama,1644
12,29,516.0881079448234,291.3728392553363,Comedy,Drama,1644
12,30,523.1964530791364,279.0682669578062,Comedy,Drama,1644
12,31,532.3717031720026,265.6643117580413,Comedy,Drama,1644
12,32,543.6138582234217,251.16097365604156,Comedy,Drama,1644
12,33,556.9229182333941,235.55825265180687,Comedy,Drama,1644
12,34,572.2988832019194,218.85614874533738,Comedy,Drama,1644
12,35,569.4087322188702,216.15038360661416,Comedy,Drama,1644
12,36,566.476095863104,213.49072541511876,Comedy,Drama,1644
12,37,563.5017095993572,210.8778411764305,Comedy,Drama,1644
12,38,560.4863193626677,208.31238616586663,Comedy,Drama,1644
12,39,557.4306813713033,205.79500376414828,Comedy,Drama,1644
12,40,554.3355619371139,203.32632529604967,Comedy,Drama,1644
12,41,551.2017372733504,200.90696987207033,Comedy,Drama,1644
12,42,548.0299933000013,198.5375442331709,Comedy,Drama,1644
12,43,544.8211254466946,196.21864259861078,Comedy,Drama,1644
12,44,541.5759384532155,193.95084651692613,Comedy,Drama,1644
12,45,538.2952461676882,191.73472472008558,Comedy,Drama,1644
12,46,534.9798713424743,189.57083298086005,Comedy,Drama,1644
12,47,531.630645427838,187.45971397344266,Comedy,Drama,1644
12,48,519.9936534094769,206.95230206175,Comedy,Drama,1644
12,49,510.1551812454104,224.94620232161353,Comedy,Drama,1644
12,50,502.11522893563864,241.44141475303326,Comedy,Drama,1644
12,51,495.8737964801612,256.43793935600905,Comedy,Drama,1644
12,52,491.43088387897853,269.93577613054106,Comedy,Drama,1644
12,53,488.78649113209053,281.9349250766293,Comedy,Drama,1644
12,54,487.94061823949716,292.4353861942737,Comedy,Drama,1644
12,55,488.8932652011982,301.4371594834742,Comedy,Drama,1644
12,56,491.6444320171938,308.9402449442308,Comedy,Drama,1644
12,57,496.1941186874842,314.94464257654374,Comedy,Drama,1644
12,58,502.54232521206916,319.45035238041277,Comedy,Drama,1644
12,59,510.6890515909487,322.45737435583794,Comedy,Drama,1644
12,60,520.6342978241228,323.9657085028193,Comedy,Drama,1644
12,61,532.3780639115915,323.97535482135686,Comedy,Drama,1644
12,62,545.9203498533549,322.48631331145054,Comedy,Drama,1644
12,63,561.2611556494128,319.4985839731004,Comedy,Drama,1644
12,64,578.4004812997654,315.0121668063064,Comedy,Drama,1644
12,65,597.3383268044125,309.0270618110686,Comedy,Drama,1644
12,66,618.0746921633543,301.543268987387,Comedy,Drama,1644
12,67,640.6095773765906,292.5607883352615,Comedy,Drama,1644
13,0,685.7243012235483,350.38524725129616,Comedy,Romance,1267
13,1,686.3085448901566,353.8760677860051,Comedy,Romance,1267
13,2,686.8501412864582,357.3737587401962,Comedy,Romance,1267
13,3,687.3490097386194,360.87779911310224,Comedy,Romance,1267
13,4,687.8050759373748,364.3876669581742,Comedy,Romance,1267
13,5,688.2182719490953,367.9028394608283,Comedy,Romance,1267
13,6,688.5885362259078,371.42279301632215,Comedy,Romance,1267
13,7,688.9158136148626,374.9470033077486,Comedy,Romance,1267
13,8,689.2000553661496,378.4749453841357,Comedy,Romance,1267
13,9,689.4412191403592,382.00609373864114,Comedy,Romance,1267
13,10,689.6392690147886,385.53992238682935,Comedy,Romance,1267
13,11,689.7941754887937,389.07590494502,Comedy,Romance,1267
13,12,689.9059154881827,392.61351470869573,Comedy,Romance,1267
13,13,689.9744723686534,396.1522247309577,Comedy,Romance,1267
13,14,662.515618495693,396.7775215194775,Comedy,Romance,1267
13,15,635.3722897089364,397.92050230998143,Comedy,Romance,1267
13,16,608.5444860083832,399.58116710246946,Comedy,Romance,1267
13,17,582.0322073940335,401.7595158969413,Comedy,Romance,1267
13,18,555.8354538658876,404.45554869339725,Comedy,Romance,1267
13,19,529.9542254239456,407.6692654918374,Comedy,Romance,1267
13,20,504.38852206820695,411.4006662922616,Comedy,Romance,1267
13,21,479.13834379867194,415.64975109466957,Comedy,Romance,1267
13,22,454.2036906153406,420.41651989906165,Comedy,Romance,1267
13,23,429.584562518213,425.7009727054379,Comedy,Romance,1267
13,24,405.28095950728897,431.5031095137981,Comedy,Romance,1267
13,25,381.2928815825685,437.82293032414236,Comedy,Romance,1267
13,26,357.6203287440517,444.6604351364707,Comedy,Romance,1267
13,27,334.2633009917386,452.01562395078304,Comedy,Romance,1267
13,28,311.22179832562915,459.88849676707935,Comedy,Romance,1267
13,29,288.4958207457233,468.27905358535975,Comedy,Romance,1267
13,30,266.085368252021,477.18729440562424,Comedy,Romance,1267
13,31,243.99044084452245,486.6132192278727,Comedy,Romance,1267
13,32,222.21103852322756,496.55682805210523,Comedy,Romance,1267
13,33,200.7471612881362,507.01812087832184,Comedy,Romance,1267
13,34,179.5988091392485,517.9970977065224,Comedy,Romance,1267
13,35,181.05532099861583,520.6781982670476,Comedy,Romance,1267
13,36,182.54444590105928,523.3413231302578,Comedy,Romance,1267
13,37,184.06596203303775,525.9860756087056,Comedy,Romance,1267
13,38,185.61964275615375,528.6120617516135,Comedy,Romance,1267
13,39,187.20525664091295,531.2188904035554,Comedy,Romance,1267
13,40,188.8225675011968,533.8061732627214,Comedy,Romance,1267
13,41,190.47133442944366,536.3735249387577,Comedy,Romance,1267
13,42,192.1513118325333,538.9205630101721,Comedy,Romance,1267
13,43,193.8622494683696,541.4469080812985,Comedy,Romance,1267
13,44,195.60389248315548,543.9521838388099,Comedy,Romance,1267
13,45,197.37598144935447,546.4360171077719,Comedy,Romance,1267
13,46,199.17825240433436,548.8980379072295,Comedy,Romance,1267
13,47,201.01043688968568,551.3378795053183,Comedy,Romance,1267
13,48,220.15850126326035,537.1554128103822,Comedy,Romance,1267
13,49,239.69992045821027,523.4342754884923,Comedy,Romance,1267
13,50,259.63469447453537,510.1744675396481,Comedy,Romance,1267
13,51,279.9628233122357,497.37598896384964,Comedy,Romance,1267
13,52,300.6843069713112,485.03883976109717,Comedy,Romance,1267
13,53,321.79914545176194,473.16301993139064,Comedy,Romance,1267
13,54,343.30733875358794,461.74852947473,Comedy,Romance,1267
13,55,365.20888687678905,450.79536839111506,Comedy,Romance,1267
13,56,387.50378982136533,440.303536680546,Comedy,Romance,1267
13,57,410.192047587317,430.2730343430229,Comedy,Romance,1267
13,58,433.27366017464374,420.70386137854575,Comedy,Romance,1267
13,59,456.74862758334575,411.5960177871143,Comedy,Romance,1267
13,60,480.616949813423,402.9495035687288,Comedy,Romance,1267
13,61,504.8786268648754,394.76431872338924,Comedy,Romance,1267
13,62,529.533658737703,387.0404632510955,Comedy,Romance,1267
13,63,554.5820454319058,379.7779371518476,Comedy,Romance,1267
13,64,580.0237869474839,372.9767404256455,Comedy,Romance,1267
13,65,605.8588832844373,366.6368730724894,Comedy,Romance,1267
13,66,632.0873344427657,360.7583350923791,Comedy,Romance,1267
13,67,658.7091404224694,355.3411264853147,Comedy,Romance,1267
14,0,470.71305315131855,118.75337492866015,Drama,Romance,1316
14,1,474.27258962692247,119.6723659178233,Drama,Romance,1316
14,2,477.82019052001795,120.6364054723162,Drama,Romance,1316
14,3,481.3552857322228,121.64533867127642,Drama,Romance,1316
14,4,484.87730717481446,122.69900337944654,Drama,Romance,1316
14,5,488.3856888600207,123.7972302732291,Drama,Romance,1316
14,6,491.87986699197444,124.9398428678972,Drama,Romance,1316
14,7,495.3592800573153,126.1266575459552,Drama,Romance,1316
14,8,498.82336891542434,127.35748358664608,Drama,Romance,1316
14,9,502.2715768882782,128.63212319660056,Drama,Romance,1316
14,10,505.70334984990717,129.9503715416218,Drama,Romance,1316
14,11,509.1181363154423,131.31201677960263,Drama,Romance,1316
14,12,512.5153875297399,132.71684009456857,Drama,Romance,1316
14,13,515.8945575555655,134.16461573184108,Drama,Romance,1316
14,14,504.6685565966346,159.22263984635316,Drama,Romance,1316
14,15,493.06570753994987,183.76140090071632,Drama,Romance,1316
14,16,481.08601038551114,207.78089889493057,Drama,Romance,1316
14,17,468.72946513331834,231.28113382899585,Drama,Romance,1316
14,18,455.99607178337163,254.26210570291212,Drama,Romance,1316
14,19,442.885830335671,276.72381451667957,Drama,Romance,1316
14,20,429.39874079021644,298.6662602702981,Drama,Romance,1316
14,21,415.53480314700784,320.0894429637676,Drama,Romance,1316
14,22,401.2940174060452,340.99336259708815,Drama,Romance,1316
14,23,386.6763835673288,361.37801917025985,Drama,Romance,1316
14,24,371.6819016308583,381.24341268328254,Drama,Romance,1316
14,25,356.31057159663385,400.58954313615635,Drama,Romance,1316
14,26,340.56239346465543,419.4164105288812,Drama,Romance,1316
14,27,324.43736723492316,437.72401486145714,Drama,Romance,1316
14,28,307.9354929074368,455.51235613388405,Drama,Romance,1316
14,29,291.05677048219655,472.78143434616214,Drama,Romance,1316
14,30,273.8011999592022,489.53124949829123,Drama,Romance,1316
14,31,256.1687813384541,505.7618015902714,Drama,Romance,1316
14,32,238.15951461995195,521.4730906221026,Drama,Romance,1316
14,33,219.77339980369578,536.6651165937849,Drama,Romance,1316
14,34,201.01043688968568,551.3378795053183,Drama,Romance,1316
14,35,202.94485783362262,553.8482074831838,Drama,Romance,1316
14,36,204.91094547882682,556.3338121010127,Drama,Romance,1316
14,37,206.90838387561323,558.7942939229004,Drama,Romance,1316
14,38,208.93685203624048,561.2292575501684,Drama,Romance,1316
14,39,210.9960239864934,563.6383116849041,Drama,Romance,1316
14,40,213.08556881806769,566.0210691928428,Drama,Romance,1316
14,41,215.20515074174583,568.3771471655792,Drama,Romance,1316
14,42,217.35442914135888,570.7061669821014,Drama,Romance,1316
14,43,219.53305862852326,573.007754369635,Drama,Romance,1316
14,44,221.7406890981448,575.2815394637887,Drama,Romance,1316
14,45,223.97696578467998,577.5271568679909,Drama,Romance,1316
14,46,226.241529319147,579.7442457122095,Drama,Romance,1316
14,47,228.53401578687644,581.9324497109432,Drama,Romance,1316
14,48,244.63564482517435,564.3803475267708,Drama,Romance,1316
14,49,260.28034447090175,546.3778409191953,Drama,Romance,1316
14,50,275.46811472405864,527.9249298882166,Drama,Romance,1316
14,51,290.19895558464486,509.0216144338347,Drama,Romance,1316
14,52,304.47286705266055,489.6678945560497,Drama,Romance,1316
14,53,318.2898491281058,469.8637702548616,Drama,Romance,1316
14,54,331.6499018109805,449.60924153027037,Drama,Romance,1316
14,55,344.55302510128456,428.9043083822759,Drama,Romance,1316
14,56,356.9992189990181,407.7489708108782,Drama,Romance,1316
14,57,368.98848350418115,386.1432288160774,Drama,Romance,1316
14,58,380.5208186167737,364.0870823978735,Drama,Romance,1316
14,59,391.5962243367956,341.58053155626635,Drama,Romance,1316
14,60,402.21470066424695,318.6235762912561,Drama,Romance,1316
14,61,412.37624759912785,295.2162166028427,Drama,Romance,1316
14,62,422.08086514143815,271.35845249102607,Drama,Romance,1316
14,63,431.32855329117785,247.05028395580632,Drama,Romance,1316
14,64,440.11931204834707,222.29171099718337,Drama,Romance,1316
14,65,448.4531414129458,197.08273361515734,Drama,Romance,1316
14,66,456.3300413849739,171.42335180972816,Drama,Romance,1316
14,67,463.75001196443156,145.31356558089573,Drama,Romance,1316
15,0,126.77749487887075,497.20834683983935,Crime,Thriller,513
15,1,126.30046331268636,495.8569956609838,Crime,Thriller,513
15,2,125.83011544728265,494.50330366897043,Crime,Thriller,513
15,3,125.36646276848245,493.1473039207506,Crime,Thriller,513
15,4,124.90951659861321,491.78902952963034,Crime,Thriller,513
15,5,124.45928809623052,490.42851366446257,Crime,Thriller,513
15,6,124.01578825584534,489.0657895488364,Crime,Thriller,513
15,7,123.57902790765598,487.70089046026595,Crime,Thriller,513
15,8,123.14901771728324,486.3338497293781,Crime,Thriller,513
15,9,122.72576818551005,484.96470073909813,Crime,Thriller,513
15,10,122.3092896480253,483.5934769238346,Crime,Thriller,513
15,11,121.89959227517102,482.2202117686635,Crime,Thriller,513
15,12,121.49668607169434,480.8449388085094,Crime,Thriller,513
15,13,121.1005808765031,479.46769162732755,Crime,Thriller,513
15,14,147.26769042285363,472.5941979538052,Crime,Thriller,513
15,15,172.6453201812392,467.1104201003484,Crime,Thriller,513
15,16,197.23347015165982,463.0163580669569,Crime,Thriller,513
15,17,221.03214033411535,460.3120118536307,Crime,Thriller,513
15,18,244.04133072860594,458.99738146036987,Crime,Thriller,513
15,19,266.2610413351316,459.07246688717464,Crime,Thriller,513
15,20,287.69127215369224,460.5372681340448,Crime,Thriller,513
15,21,308.3320231842879,463.39178520098017,Crime,Thriller,513
15,22,328.1832944269185,467.636018087981,Crime,Thriller,513
15,23,347.2450858815842,473.2699667950473,Crime,Thriller,513
15,24,365.5173975482849,480.29363132217895,Crime,Thriller,513
15,25,383.0002294270206,488.707011669376,Crime,Thriller,513
15,26,399.69358151779136,498.51010783663844,Crime,Thriller,513
15,27,415.59745382059714,509.70291982396634,Crime,Thriller,513
15,28,430.7118463354378,522.2854476313596,Crime,Thriller,513
15,29,445.03675906231365,536.2576912588181,Crime,Thriller,513
15,30,458.5721920012244,551.6196507063422,Crime,Thriller,513
15,31,471.31814515217025,568.3713259739317,Crime,Thriller,513
15,32,483.274618515151,586.5127170615865,Crime,Thriller,513
15,33,494.4416120901669,606.0438239693067,Crime,Thriller,513
15,34,504.81912587721774,626.9646466970923,Crime,Thriller,513
15,35,505.93942113844764,626.4438982371806,Crime,Thriller,513
15,36,507.0571293752333,625.9176200519441,Crime,Thriller,513
15,37,508.1722232933108,625.3858249930153,Crime,Thriller,513
15,38,509.28467566225737,624.8485260467482,Crime,Thriller,513
15,39,510.3944593161565,624.3057363339009,Crime,Thriller,513
15,40,511.5015471542612,623.757469109315,Crime,Thriller,513
15,41,512.6059121416561,623.2037377615923,Crime,Thriller,513
15,42,513.7075273099172,622.6445558127673,Crime,Thriller,513
15,43,514.8063657577707,622.0799369179778,Crime,Thriller,513
15,44,515.90240065175,621.5098948651306,Crime,Thriller,513
15,45,516.9956052268509,620.9344435745654,Crime,Thriller,513
15,46,518.0859527871849,620.3535970987148,Crime,Thriller,513
15,47,519.1734167066315,619.7673696217606,Crime,Thriller,513
15,48,507.47424983567225,599.5559097404627,Crime,Thriller,513
15,49,495.0764476431054,580.7819814530951,Crime,Thriller,513
15,50,481.9800101289308,563.4455847596577,Crime,Thriller,513
15,51,468.1849372931484,547.5467196601502,Crime,Thriller,513
15,52,453.6912291357583,533.0853861545729,Crime,Thriller,513
15,53,438.49888565676065,520.061584242926,Crime,Thriller,513
15,54,422.60790685615524,508.47531392520915,Crime,Thriller,513
15,55,406.0182927339421,498.3265752014224,Crime,Thriller,513
15,56,388.7300432901212,489.61536807156574,Crime,Thriller,513
15,57,370.7431585246927,482.34169253563937,Crime,Thriller,513
15,58,352.0576384376565,476.5055485936432,Crime,Thriller,513
15,59,332.6734830290126,472.106936245577,Crime,Thriller,513
15,60,312.5906922987609,469.1458554914411,Crime,Thriller,513
15,61,291.80926624690164,467.62230633123534,Crime,Thriller,513
15,62,270.3292048734346,467.53628876495975,Crime,Thriller,513
15,63,248.15050817835987,468.88780279261425,Crime,Thriller,513
15,64,225.2731761616774,471.67684841419896,Crime,Thriller,513
15,65,201.69720882338737,475.90342562971387,Crime,Thriller,513
15,66,177.42260616348955,481.56753443915886,Crime,Thriller,513
15,67,152.449368181984,488.66917484253406,Crime,Thriller,513
16,0,136.4427747690055,520.9859042555736,Crime,Drama,626
16,1,135.71800658788936,519.3944218048779,Crime,Drama,626
16,2,135.00284842064553,517.7985978474643,Crime,Drama,626
16,3,134.2973262723748,516.198490411843,Crime,Drama,626
16,4,133.60146579778637,514.5941576822833,Crime,Drama,626
16,5,132.9152923002643,512.9856579966977,Crime,Drama,626
16,6,132.23883073094788,511.37304984452027,Crime,Drama,626
16,7,131.57210568782415,509.7563918645805,Crime,Drama,626
16,8,130.91514141483373,508.1357428429706,Crime,Drama,626
16,9,130.26796180098881,506.51116171090786,Crime,Drama,626
16,10,129.63059037950472,504.88270754259173,Crime,Drama,626
16,11,129.00305032694416,503.25043955305586,Crime,Drama,626
16,12,128.38536446237458,501.6144170960151,Crime,Drama,626
16,13,127.77755524653816,499.9746996617066,Crime,Drama,626
16,14,153.57654338490084,490.3954841688756,Crime,Drama,626
16,15,179.1216135612343,480.70063762594583,Crime,Drama,626
16,16,204.4127657755386,470.8901600329172,Crime,Drama,626
16,17,229.4500000278136,460.96405138978963,Crime,Drama,626
16,18,254.23331631805934,450.92231169656327,Crime,Drama,626
16,19,278.7627146462759,440.7649409532382,Crime,Drama,626
16,20,303.0381950124633,430.4919391598143,Crime,Drama,626
16,21,327.0597574166213,420.1033063162914,Crime,Drama,626
16,22,350.82740185875014,409.59904242266975,Crime,Drama,626
16,23,374.3411283388498,398.97914747894936,Crime,Drama,626
16,24,397.60093685692016,388.2436214851301,Crime,Drama,626
16,25,420.60682741296137,377.392464441212,Crime,Drama,626
16,26,443.35880000697335,366.425676347195,Crime,Drama,626
16,27,465.85685463895607,355.3432572030793,Crime,Drama,626
16,28,488.1009913089095,344.1452070088647,Crime,Drama,626
16,29,510.09121001683377,332.83152576455126,Crime,Drama,626
16,30,531.8275107627288,321.402213470139,Crime,Drama,626
16,31,553.3098935465946,309.85727012562796,Crime,Drama,626
16,32,574.5383583684311,298.19669573101805,Crime,Drama,626
16,33,595.5129052282385,286.4204902863093,Crime,Drama,626
16,34,616.2335341260166,274.5286537915017,Crime,Drama,626
16,35,615.4729949234077,273.22701999740985,Crime,Drama,626
16,36,614.7046205351943,271.9299960145303,Crime,Drama,626
16,37,613.9284389015642,270.63762900619156,Crime,Drama,626
16,38,613.1444782465978,269.3499659663819,Crime,Drama,626
16,39,612.3527670772423,268.06705371804037,Crime,Drama,626
16,40,611.5533341822745,266.78893891135425,Crime,Drama,626
16,41,610.7462086312539,265.51566802206287,Crime,Drama,626
16,42,609.9314197734665,264.2472873497675,Crime,Drama,626
16,43,609.1089972368567,262.98384301624765,Crime,Drama,626
16,44,608.2789709269504,261.72538096378435,Crime,Drama,626
16,45,607.4413710257672,260.471946953489,Crime,Drama,626
16,46,606.5962279907235,259.22358656363986,Crime,Drama,626
16,47,605.7435725535244,257.9803451880246,Crime,Drama,626
16,48,586.0178498779563,271.45833101919595,Crime,Drama,626
16,49,566.0299337662094,284.84092569138136,Crime,Drama,626
16,50,545.7798242182834,298.12812920458083,Crime,Drama,626
16,51,525.2675212341784,311.3199415587943,Crime,Drama,626
16,52,504.4930248138942,324.4163627540218,Crime,Drama,626
16,53,483.45633495743124,337.4173927902634,Crime,Drama,626
16,54,462.1574516647893,350.32303166751916,Crime,Drama,626
16,55,440.5963749359682,363.1332793857888,Crime,Drama,626
16,56,418.77310477096813,375.84813594507256,Crime,Drama,626
16,57,396.68764116978906,388.4676013453704,Crime,Drama,626
16,58,374.33998413243114,400.9916755866822,Crime,Drama,626
16,59,351.73013365889403,413.4203586690081,Crime,Drama,626
16,60,328.85808974917796,425.7536505923481,Crime,Drama,626
16,61,305.72385240328293,437.99155135670213,Crime,Drama,626
16,62,282.32742162120894,450.1340609620702,Crime,Drama,626
16,63,258.6687974029558,462.1811794084523,Crime,Drama,626
16,64,234.74797974852373,474.1329066958484,Crime,Drama,626
16,65,210.56496865791274,485.98924282425867,Crime,Drama,626
16,66,186.11976413112268,497.7501877936829,Crime,Drama,626
16,67,161.4123661681536,509.41574160412125,Crime,Drama,626
17,0,127.77755524653816,499.9746996617066,Crime,Comedy,81
17,1,127.69963182103356,499.76226485800794,Crime,Comedy,81
17,2,127.62187417369643,499.54976931841844,Crime,Comedy,81
17,3,127.54428235186606,499.33721317230663,Crime,Comedy,81
17,4,127.46685640278082,499.1245965490781,Crime,Comedy,81
17,5,127.38959637357817,498.9119195781752,Crime,Comedy,81
17,6,127.31250231129451,498.69918238907684,Crime,Comedy,81
17,7,127.23557426286516,498.4863851112988,Crime,Comedy,81
17,8,127.15881227512443,498.2735278743935,Crime,Comedy,81
17,9,127.08221639480541,498.06061080794973,Crime,Comedy,81
17,10,127.00578666854028,497.84763404159276,Crime,Comedy,81
17,11,126.92952314285986,497.6345977049841,Crime,Comedy,81
17,12,126.85342586419387,497.4215019278216,Crime,Comedy,81
17,13,126.77749487887075,497.20834683983935,Crime,Comedy,81
17,14,152.69393755974102,488.40820739893354,Crime,Comedy,81
17,15,178.40088367451773,480.52366466475723,Crime,Comedy,81
17,16,203.89833322320084,473.55471863731015,Crime,Comedy,81
17,17,229.18628620579034,467.50136931659216,Crime,Comedy,81
17,18,254.26474262228624,462.3636167026036,Crime,Comedy,81
17,19,279.1337024726886,458.1414607953445,Crime,Comedy,81
17,20,303.7931657569974,454.83490159481465,Crime,Comedy,81
17,21,328.2431324752125,452.44393910101405,Crime,Comedy,81
17,22,352.48360262733405,450.9685733139428,Crime,Comedy,81
17,23,376.5145762133621,450.4088042336008,Crime,Comedy,81
17,24,400.3360532332965,450.76463185998824,Crime,Comedy,81
17,25,423.94803368713735,452.0360561931049,Crime,Comedy,81
17,26,447.3505175748846,454.2230772329509,Crime,Comedy,81
17,27,470.54350489653825,457.32569497952625,Crime,Comedy,81
17,28,493.5269956520982,461.34390943283086,Crime,Comedy,81
17,29,516.3009898415647,466.27772059286474,Crime,Comedy,81
17,30,538.8654874649376,472.127128459628,Crime,Comedy,81
17,31,561.2204885222169,478.89213303312056,Crime,Comedy,81
17,32,583.3659930134025,486.57273431334244,Crime,Comedy,81
17,33,605.3020009384948,495.16893230029365,Crime,Comedy,81
17,34,627.0285122974933,504.68072699397413,Crime,Comedy,81
17,35,627.1101214065512,504.50355378981885,Crime,Comedy,81
17,36,627.1915922495466,504.3263169632463,Crime,Comedy,81
17,37,627.2729247768796,504.1490166221594,Crime,Comedy,81
17,38,627.3541189390343,503.9716528744998,Crime,Comedy,81
17,39,627.4351746865791,503.7942258282475,Crime,Comedy,81
17,40,627.516091970167,503.6167355914212,Crime,Comedy,81
17,41,627.596870740535,503.43918227207814,Crime,Comedy,81
17,42,627.6775109485043,503.26156597831397,Crime,Comedy,81
17,43,627.7580125449808,503.08388681826244,Crime,Comedy,81
17,44,627.8383754809547,502.9061449000958,Crime,Comedy,81
17,45,627.9185997075003,502.72834033202446,Crime,Comedy,81
17,46,627.9986851757767,502.55047322229694,Crime,Comedy,81
17,47,628.0786318370275,502.3725436791998,Crime,Comedy,81
17,48,606.2567580273413,493.0816149010014,Crime,Comedy,81
17,49,584.2346855196216,484.7083606957777,Crime,Comedy,81
17,50,562.012414313868,477.25278106352863,Crime,Comedy,81
17,51,539.5899444100806,470.71487600425405,Crime,Comedy,81
17,52,516.9672758082595,465.0946455179542,Crime,Comedy,81
17,53,494.1444085084049,460.392089604629,Crime,Comedy,81
17,54,471.1213425105165,456.6072082642785,Crime,Comedy,81
17,55,447.8980778145943,453.74000149690244,Crime,Comedy,81
17,56,424.4746144206384,451.7904693025011,Crime,Comedy,81
17,57,400.8509523286488,450.75861168107446,Crime,Comedy,81
17,58,377.0270915386256,450.6444286326224,Crime,Comedy,81
17,59,353.00303205056855,451.44792015714495,Crime,Comedy,81
17,60,328.7787738644778,453.16908625464214,Crime,Comedy,81
17,61,304.35431698035336,455.80792692511403,Crime,Comedy,81
17,62,279.7296613981952,459.36444216856046,Crime,Comedy,81
17,63,254.90480711800333,463.8386319849816,Crime,Comedy,81
17,64,229.87975413977767,469.23049637437737,Crime,Comedy,81
17,65,204.65450246351844,475.5400353367477,Crime,Comedy,81
17,66,179.22905208922543,482.7672488720927,Crime,Comedy,81
17,67,153.60340301689865,490.91213698041236,Crime,Comedy,81
18,0,372.56001932358873,688.6988871826113,Action,Crime,784
18,1,370.3805252610994,688.4834253751706,Action,Crime,784
18,2,368.2027205364268,688.2515100024897,Action,Crime,784
18,3,366.02672936000727,688.003154291792,Action,Crime,784
18,4,363.85267583884183,687.7383724079709,Action,Crime,784
18,5,361.6806839694179,687.457179452781,Action,Crime,784
18,6,359.51087763063737,687.1595914639781,Action,Crime,784
18,7,357.343380576751,686.8456254144032,Action,Crime,784
18,8,355.1783164303,686.5152992110154,Action,Crime,784
18,9,353.0158086750657,686.1686316938703,Action,Crime,784
18,10,350.85598064902644,685.8056426350452,Action,Crime,784
18,11,348.6989555373226,685.4263527375116,Action,Crime,784
18,12,346.54485636523157,685.0307836339547,Action,Crime,784
18,13,344.39380599115066,684.618957885539,Action,Crime,784
18,14,348.996659921144,658.161234595284,Action,Crime,784
18,15,352.21356570943857,633.0011995598596,Action,Crime,784
18,16,354.0445233560343,609.138852779266,Action,Crime,784
18,17,354.48953286093115,586.574194253503,Action,Crime,784
18,18,353.5485942241291,565.3072239825706,Action,Crime,784
18,19,351.22170744562834,545.3379419664691,Action,Crime,784
18,20,347.5088725254287,526.6663482051982,Action,Crime,784
18,21,342.4100894635301,509.29244269875784,Action,Crime,784
18,22,335.92535825993275,493.2162254471483,Action,Crime,784
18,23,328.05467891463655,478.43769645036946,Action,Crime,784
18,24,318.79805142764155,464.95685570842136,Action,Crime,784
18,25,308.1554757989477,452.77370322130383,Action,Crime,784
18,26,296.12695202855497,441.88823898901705,Action,Crime,784
18,27,282.71248011646344,432.3004630115609,Action,Crime,784
18,28,267.91206006267305,424.0103752889355,Action,Crime,784
18,29,251.7256918671838,417.0179758211407,Action,Crime,784
18,30,234.15337552999574,411.3232646081766,Action,Crime,784
18,31,215.19511105110885,406.92624165004327,Action,Crime,784
18,32,194.85089843052313,403.8269069467406,Action,Crime,784
18,33,173.12073766823852,402.0252604982686,Action,Crime,784
18,34,150.00462876425505,401.5213023046273,Action,Crime,784
18,35,150.02324696359048,403.40924351930585,Action,Crime,784
18,36,150.0561225117121,405.29699028880765,Action,Crime,784
18,37,150.10325353357285,407.18443494606436,Action,Crime,784
18,38,150.16463734106918,409.07146984123875,Action,Crime,784
18,39,150.24027043319404,410.9579873478642,Action,Crime,784
18,40,150.3301484962369,412.84387986898315,Action,Crime,784
18,41,150.43426640402942,414.7290398432838,Action,Crime,784
18,42,150.5526182182382,416.6133597512352,Action,Crime,784
18,43,150.6851971887031,418.49673212121917,Action,Crime,784
18,44,150.83199575382253,420.3790495356601,Action,Crime,784
18,45,150.99300554098454,422.26020463715133,Action,Crime,784
18,46,151.1682173670445,424.1400901345786,Action,Crime,784
18,47,151.35762123884862,426.018598809239,Action,Crime,784
18,48,174.41181069129937,424.25428211083494,Action,Crime,784
18,49,196.21392595128958,423.9172555983349,Action,Crime,784
18,50,216.7639670188192,425.00751927173917,Action,Crime,784
18,51,236.06193389388812,427.52507313104724,Action,Crime,784
18,52,254.1078265764965,431.46991717625946,Action,Crime,784
18,53,270.9016450666443,436.84205140737595,Action,Crime,784
18,54,286.4433893643315,443.6414758243964,Action,Crime,784
18,55,300.73305946955804,451.8681904273208,Action,Crime,784
18,56,313.770655382324,461.5221952161495,Action,Crime,784
18,57,325.55617710262936,472.6034901908822,Action,Crime,784
18,58,336.08962463047413,485.1120753515189,Action,Crime,784
18,59,345.3709979658583,499.0479506980598,Action,Crime,784
18,60,353.40029710878184,514.4111162305047,Action,Crime,784
18,61,360.1775220592449,531.2015719488538,Action,Crime,784
18,62,365.70267281724716,549.4193178531069,Action,Crime,784
18,63,369.975749382789,569.0643539432641,Action,Crime,784
18,64,372.9967517558701,590.1366802193254,Action,Crime,784
18,65,374.76567993649064,612.6362966812908,Action,Crime,784
18,66,375.2825339246507,636.5632033291602,Action,Crime,784
18,67,374.54731372035,661.9174001629337,Action,Crime,784
19,0,469.13675242612373,681.6382599434403,Action,Drama,747
19,1,467.10838580213795,682.1284539975211,Action,Drama,747
19,2,465.076544414959,682.6040398985971,Action,Drama,747
19,3,463.04133347003295,683.064993021603,Action,Drama,747
19,4,461.0028583472762,683.5112894991346,Action,Drama,747
19,5,458.96122459561883,683.9429062226859,Action,Drama,747
19,6,456.9165379275397,684.3598208438437,Action,Drama,747
19,7,454.86890421359277,684.7620117754466,Action,Drama,747
19,8,452.8184294769252,685.1494581927013,Action,Drama,747
19,9,450.76521988778757,685.5221400342618,Action,Drama,747
19,10,448.7093817580369,685.8800380032678,Action,Drama,747
19,11,446.6510215356315,686.2231335683439,Action,Drama,747
19,12,444.5902457991198,686.5514089645592,Action,Drama,747
19,13,442.5271612521215,686.864847194347,Action,Drama,747
19,14,439.0209183013012,659.8468992037757,Action,Drama,747
19,15,436.60260111591134,633.4339785071752,Action,Drama,747
19,16,435.2722096959517,607.6260851045457,Action,Drama,747
19,17,435.0297440414222,582.423218995887,Action,Drama,747
19,18,435.8752041523231,557.8253801811994,Action,Drama,747
19,19,437.8085900286543,533.8325686604827,Action,Drama,747
19,20,440.8299016704157,510.44478443373697,Action,Drama,747
19,21,444.93913907760736,487.66202750096204,Action,Drama,747
19,22,450.1363022502294,465.4842978621581,Action,Drama,747
19,23,456.42139118828163,443.91159551732517,Action,Drama,747
19,24,463.7944058917642,422.94392046646317,Action,Drama,747
19,25,472.2553463606771,402.5812727095721,Action,Drama,747
19,26,481.8042125950202,382.8236522466518,Action,Drama,747
19,27,492.44100459479364,363.6710590777027,Action,Drama,747
19,28,504.1657223599973,345.1234932027244,Action,Drama,747
19,29,516.9783658906313,327.180954621717,Action,Drama,747
19,30,530.8789351866955,309.8434433346805,Action,Drama,747
19,31,545.86743024819,293.1109593416151,Action,Drama,747
19,32,561.9438510751148,276.98350264252053,Action,Drama,747
19,33,579.1081976674699,261.46107323739693,Action,Drama,747
19,34,597.3604700252553,246.5436711262442,Action,Drama,747
19,35,596.2511390114365,245.12750264584156,Action,Drama,747
19,36,595.1316464324674,243.71935321174755,Action,Drama,747
19,37,594.002050253855,242.31929573565222,Action,Drama,747
19,38,592.8624089642543,240.92740271025716,Action,Drama,747
19,39,591.7127815724399,239.54374620552196,Action,Drama,747
19,40,590.5532276042503,238.16839786493256,Action,Drama,747
19,41,589.3838070995064,236.8014289017917,Action,Drama,747
19,42,588.2045806089019,235.44291009553143,Action,Drama,747
19,43,587.0156091908689,234.09291178804858,Action,Drama,747
19,44,585.8169544084155,232.75150388006233,Action,Drama,747
19,45,584.6086783259395,231.41875582749486,Action,Drama,747
19,46,583.3908435060132,230.0947366378752,Action,Drama,747
19,47,582.1635130061451,228.77951486676596,Action,Drama,747
19,48,565.3844488772884,245.33660817834425,Action,Drama,747
19,49,549.7450684918886,262.39446237341554,Action,Drama,747
19,50,535.245371849946,279.95307745197994,Action,Drama,747
19,51,521.88535895146,298.0124534140372,Action,Drama,747
19,52,509.6650297964313,316.57259025958746,Action,Drama,747
19,53,498.5843843848596,335.6334879886308,Action,Drama,747
19,54,488.643422716745,355.19514660116715,Action,Drama,747
19,55,479.8421447920872,375.25756609719645,Action,Drama,747
19,56,472.18055061088637,395.8207464767187,Action,Drama,747
19,57,465.65864017314266,416.884687739734,Action,Drama,747
19,58,460.27641347885594,438.44938988624233,Action,Drama,747
19,59,456.0338705280262,460.5148529162436,Action,Drama,747
19,60,452.9310113206535,483.081076829738,Action,Drama,747
19,61,450.9678358567378,506.1480616267253,Action,Drama,747
19,62,450.1443441362791,529.7158073072055,Action,Drama,747
19,63,450.46053615927735,553.7843138711788,Action,Drama,747
19,64,451.91641192573263,578.3535813186451,Action,Drama,747
19,65,454.5119714356449,603.4236096496044,Action,Drama,747
19,66,458.2472146890142,628.9943988640567,Action,Drama,747
19,67,463.12214168584046,655.0659489620019,Action,Drama,747
20,0,418.1922608184725,689.4288196540087,Action,Thriller,1155
20,1,414.9710349715749,689.6133078984457,Action,Thriller,1155
20,2,411.7479559327335,689.7619463135256,Action,Thriller,1155
20,3,408.52342267129933,689.874716500019,Action,Thriller,1155
20,4,405.297834336635,689.9516044986501,Action,Thriller,1155
20,5,402.07159020870506,689.9926007918257,Action,Thriller,1155
20,6,398.84508964865176,689.9977003048134,Action,Thriller,1155
20,7,395.61873204935995,689.966902406369,Action,Thriller,1155
20,8,392.3929167860179,689.9002109088152,Action,Thriller,1155
20,9,389.1680431666807,689.7976340675698,Action,Thriller,1155
20,10,385.94451038284217,689.6591845801233,Action,Thriller,1155
20,11,382.72271746002014,689.4848795844675,Action,Thriller,1155
20,12,379.5030632083638,689.2747406569742,Action,Thriller,1155
20,13,376.28594617328656,689.0287938097237,Action,Thriller,1155
20,14,378.7608886304336,662.6559748152182,Action,Thriller,1155
20,15,381.66875336821545,638.5906214145064,Action,Thriller,1155
20,16,385.0095403866316,616.8327336075881,Action,Thriller,1155
20,17,388.78324968568234,597.3823113944633,Action,Thriller,1155
20,18,392.98988126536756,580.239354775132,Action,Thriller,1155
20,19,397.62943512568756,565.4038637495946,Action,Thriller,1155
20,20,402.701911266642,552.8758383178506,Action,Thriller,1155
20,21,408.2073096882309,542.6552784799002,Action,Thriller,1155
20,22,414.14563039045447,534.7421842357433,Action,Thriller,1155
20,23,420.51687337331254,529.13655558538,Action,Thriller,1155
20,24,427.32103863680516,525.8383925288105,Action,Thriller,1155
20,25,434.5581261809323,524.8476950660344,Action,Thriller,1155
20,26,442.228136005694,526.1644631970518,Action,Thriller,1155
20,27,450.3310681110903,529.788696921863,Action,Thriller,1155
20,28,458.8669224971211,535.7203962404675,Action,Thriller,1155
20,29,467.83569916378644,543.9595611528657,Action,Thriller,1155
20,30,477.23739811108635,554.5061916590575,Action,Thriller,1155
20,31,487.07201933902087,567.360287759043,Action,Thriller,1155
20,32,497.33956284758983,582.5218494528219,Action,Thriller,1155
20,33,508.04002863679347,599.9908767403945,Action,Thriller,1155
20,34,519.1734167066315,619.7673696217606,Action,Thriller,1155
20,35,521.6111078427409,618.4278792857295,Action,Thriller,1155
20,36,524.033745328534,617.0613508199384,Action,Thriller,1155
20,37,526.4410292774444,615.6679533803306,Action,Thriller,1155
20,38,528.8326617034458,614.2478594488298,Action,Thriller,1155
20,39,531.2083465579381,612.8012448119889,Action,Thriller,1155
20,40,533.5677897663941,611.3282885392307,Action,Thriller,1155
20,41,535.9106992647612,609.8291729606816,Action,Thriller,1155
20,42,538.2367850356145,608.3040836446019,Action,Thriller,1155
20,43,540.5457591440572,606.753209374415,Action,Thriller,1155
20,44,542.8373357733623,605.1767421253387,Action,Thriller,1155
20,45,545.1112312603523,603.5748770406224,Action,Thriller,1155
20,46,547.3671641305131,601.9478124073901,Action,Thriller,1155
20,47,549.6048551328354,600.2957496320961,Action,Thriller,1155
20,48,535.7372660180331,582.330450504518,Action,Thriller,1155
20,49,522.6306615560713,566.5861244802783,Action,Thriller,1155
20,50,510.28504174695,553.062771559377,Action,Thriller,1155
20,51,498.7004065906689,541.7603917418139,Action,Thriller,1155
20,52,487.8767560872282,532.6789850275891,Action,Thriller,1155
20,53,477.81409023662803,525.8185514167028,Action,Thriller,1155
20,54,468.51240903886827,521.1790909091549,Action,Thriller,1155
20,55,459.97171249394876,518.7606035049452,Action,Thriller,1155
20,56,452.19200060186967,518.5630892040738,Action,Thriller,1155
20,57,445.1732733626311,520.5865480065409,Action,Thriller,1155
20,58,438.9155307762329,524.8309799123462,Action,Thriller,1155
20,59,433.4187728426751,531.2963849214899,Action,Thriller,1155
20,60,428.6829995619576,539.9827630339719,Action,Thriller,1155
20,61,424.7082109340806,550.8901142497923,Action,Thriller,1155
20,62,421.494406959044,564.0184385689511,Action,Thriller,1155
20,63,419.0415876368477,579.3677359914482,Action,Thriller,1155
20,64,417.34975296749184,596.9380065172836,Action,Thriller,1155
20,65,416.4189029509764,616.7292501464574,Action,Thriller,1155
20,66,416.2490375873014,638.7414668789694,Action,Thriller,1155
20,67,416.8401568764668,662.9746567148198,Action,Thriller,1155
21,0,332.1914363881051,118.0390120940636,Family,Adventure,316
21,1,333.0500324910839,117.8339108777331,Family,Adventure,316
21,2,333.909248939069,117.63142415594109,Family,Adventure,316
21,3,334.7690777707332,117.431553804889,Family,Adventure,316
21,4,335.62951101907396,117.23430167653561,Family,Adventure,316
21,5,336.49054071148953,117.03966959857956,Family,Adventure,316
21,6,337.35215886985065,116.8476593744428,Family,Adventure,316
21,7,338.2143575105756,116.65827278325378,Family,Adventure,316
21,8,339.07712864470477,116.47151157983058,Family,Adventure,316
21,9,339.9404642779732,116.28737749466524,Family,Adventure,316
21,10,340.80435641088536,116.1058722339074,Family,Adventure,316
21,11,341.66879703878993,115.92699747934842,Family,Adventure,316
21,12,342.5337781519526,115.75075488840605,Family,Adventure,316
21,13,343.3992917356319,115.57714609410885,Family,Adventure,316
21,14,348.1503409394223,141.77494289759815,Family,Adventure,316
21,15,351.6224012623427,166.19255161170582,Family,Adventure,316
21,16,353.81547270439285,188.8299722364319,Family,Adventure,316
21,17,354.72955526557286,209.68720477177627,Family,Adventure,316
21,18,354.36464894588266,228.76424921773904,Family,Adventure,316
21,19,352.72075374532255,246.0611055743202,Family,Adventure,316
21,20,349.79786966389224,261.5777738415198,Family,Adventure,316
21,21,345.5959967015916,275.3142540193376,Family,Adventure,316
21,22,340.1151348584209,287.2705461077739,Family,Adventure,316
21,23,333.3552841343801,297.44665010682854,Family,Adventure,316
21,24,325.31644452946915,305.8425660165016,Family,Adventure,316
21,25,315.99861604368806,312.458293836793,Family,Adventure,316
21,26,305.40179867703677,317.2938335677028,Family,Adventure,316
21,27,293.5259924295154,320.349185209231,Family,Adventure,316
21,28,280.37119730112386,321.62434876137746,Family,Adventure,316
21,29,265.9374132918622,321.11932422414236,Family,Adventure,316
21,30,250.2246404017303,318.8341115975256,Family,Adventure,316
21,31,233.2328786307284,314.7687108815272,Family,Adventure,316
21,32,214.9621279788563,308.92312207614725,Family,Adventure,316
21,33,195.41238844611402,301.29734518138565,Family,Adventure,316
21,34,174.58366003250163,291.89138019724237,Family,Adventure,316
21,35,174.25562452201436,292.5780425608701,Family,Adventure,316
21,36,173.92968071375336,293.2657002748672,Family,Adventure,316
21,37,173.6058316278486,293.95434696753495,Family,Adventure,316
21,38,173.28408026502112,294.6439762580107,Family,Adventure,316
21,39,172.96442960655463,295.33458175632745,Family,Adventure,316
21,40,172.64688261426815,296.0261570634728,Family,Adventure,316
21,41,172.33144223048856,296.71869577144844,Family,Adventure,316
21,42,172.01811137802343,297.41219146332895,Family,Adventure,316
21,43,171.70689296013376,298.1066377133222,Family,Adventure,316
21,44,171.39778986050712,298.80202808682805,Family,Adventure,316
21,45,171.09080494323098,299.4983561404985,Family,Adventure,316
21,46,170.78594105276625,300.195615422297,Family,Adventure,316
21,47,170.48320101392068,300.8937994715585,Family,Adventure,316
21,48,191.66773660307564,309.4683873032142,Family,Adventure,316
21,49,211.50385784938274,316.3147792689544,Family,Adventure,316
21,50,229.99156475284187,321.432975368779,Family,Adventure,316
21,51,247.13085731345294,324.822975602688,Family,Adventure,316
21,52,262.92173553121614,326.48477997068153,Family,Adventure,316
21,53,277.3641994061314,326.41838847275955,Family,Adventure,316
21,54,290.45824893819866,324.623801108922,Family,Adventure,316
21,55,302.20388412741795,321.1010178791688,Family,Adventure,316
21,56,312.6011049737893,315.85003878350017,Family,Adventure,316
21,57,321.6499114773127,308.8708638219159,Family,Adventure,316
21,58,329.3503036379882,300.1634929944163,Family,Adventure,316
21,59,335.70228145581564,289.7279263010009,Family,Adventure,316
21,60,340.7058449307952,277.56416374167003,Family,Adventure,316
21,61,344.3609940629268,263.6722053164237,Family,Adventure,316
21,62,346.6677288522104,248.05205102526173,Family,Adventure,316
21,63,347.6260492986461,230.70370086818426,Family,Adventure,316
21,64,347.2359554022338,211.62715484519117,Family,Adventure,316
21,65,345.4974471629736,190.82241295628262,Family,Adventure,316
21,66,342.4105245808654,168.28947520145852,Family,Adventure,316
21,67,337.9751876559092,144.02834158071886,Family,Adventure,316
22,0,307.18194577842604,125.25501130954007,Family,Drama,114
22,1,307.48371131610844,125.15324937675024,Family,Drama,114
22,2,307.7855884210983,125.0518188873458,Family,Drama,114
22,3,308.08757672935565,124.95071996364373,Family,Drama,114
22,4,308.38967587670663,124.84995272756152,Family,Drama,114
22,5,308.69188549884365,124.74951730061633,Family,Drama,114
22,6,308.99420523132585,124.64941380392531,Family,Drama,114
22,7,309.29663470957956,124.5496423582054,Family,Drama,114
22,8,309.5991735688989,124.45020308377303,Family,Drama,114
22,9,309.9018214444459,124.35109610054405,Family,Drama,114
22,10,310.2045779712513,124.25232152803369,Family,Drama,114
22,11,310.5074427842146,124.15387948535619,Family,Drama,114
22,12,310.81041551810506,124.05577009122487,Family,Drama,114
22,13,311.1134958075615,123.95799346395188,Family,Drama,114
22,14,319.88930828124535,149.37837702459328,Family,Drama,114
22,15,329.2859829989753,173.06009789012737,Family,Drama,114
22,16,339.3035199607513,195.0031560605542,Family,Drama,114
22,17,349.94191916657337,215.2075515358737,Family,Drama,114
22,18,361.2011806164415,233.67328431608587,Family,Drama,114
22,19,373.08130431035585,250.4003544011908,Family,Drama,114
22,20,385.5822902483162,265.3887617911884,Family,Drama,114
22,21,398.7041384303226,278.6385064860787,Family,Drama,114
22,22,412.446848856375,290.1495884858616,Family,Drama,114
22,23,426.81042152647365,299.9220077905374,Family,Drama,114
22,24,441.79485644061833,307.95576440010575,Family,Drama,114
22,25,457.4001535988091,314.25085831456687,Family,Drama,114
22,26,473.6263130010459,318.80728953392065,Family,Drama,114
22,27,490.47333464732884,321.62505805816716,Family,Drama,114
22,28,507.94121853765785,322.7041638873063,Family,Drama,114
22,29,526.0299646720329,322.04460702133827,Family,Drama,114
22,30,544.739573050454,319.6463874602628,Family,Drama,114
22,31,564.0700436729213,315.50950520408014,Family,Drama,114
22,32,584.0213765394346,309.63396025279013,Family,Drama,114
22,33,604.593571649994,302.01975260639284,Family,Drama,114
22,34,625.7866290045995,292.66688226488816,Family,Drama,114
22,35,625.6686256405912,292.4190007413637,Family,Drama,114
22,36,625.5503501381164,292.1712489519929,Family,Drama,114
22,37,625.4318026398059,291.92362719554484,Family,Drama,114
22,38,625.3129832886187,291.67613577063173,Family,Drama,114
22,39,625.1938922278415,291.4287749757086,Family,Drama,114
22,40,625.0745296010884,291.1815451090729,Family,Drama,114
22,41,624.9548955523017,290.9344464688643,Family,Drama,114
22,42,624.8349902257503,290.6874793530641,Family,Drama,114
22,43,624.7148137660305,290.44064405949507,Family,Drama,114
22,44,624.5943663180656,290.19394088582106,Family,Drama,114
22,45,624.4736480271058,289.94737012954647,Family,Drama,114
22,46,624.3526590387277,289.70093208801615,Family,Drama,114
22,47,624.2313994988343,289.45462705841476,Family,Drama,114
22,48,603.1740175630662,299.1090835253411,Family,Drama,114
22,49,582.7126145174442,307.0161914134374,Family,Drama,114
22,50,562.8471903619687,313.17595072270353,Family,Drama,114
22,51,543.5777450966393,317.58836145313944,Family,Drama,114
22,52,524.9042787214563,320.25342360474525,Family,Drama,114
22,53,506.82679123641964,321.17113717752096,Family,Drama,114
22,54,489.3452826415293,320.34150217146663,Family,Drama,114
22,55,472.4597529367852,317.764518586582,Family,Drama,114
22,56,456.1702021221874,313.4401864228672,Family,Drama,114
22,57,440.476630197736,307.3685056803224,Family,Drama,114
22,58,425.37903716343084,299.54947635894746,Family,Drama,114
22,59,410.877423019272,289.98309845874235,Family,Drama,114
22,60,396.9717877652594,278.6693719797071,Family,Drama,114
22,61,383.6621314013932,265.60829692184166,Family,Drama,114
22,62,370.94845392767326,250.79987328514616,Family,Drama,114
22,63,358.8307553440996,234.24410106962046,Family,Drama,114
22,64,347.3090356506723,215.94098027526468,Family,Drama,114
22,65,336.3832948473913,195.89051090207874,Family,Drama,114
22,66,326.05353293425657,174.0926929500627,Family,Drama,114
22,67,316.31974991126816,150.54752641921647,Family,Drama,114
23,0,311.1134958075615,123.95799346395188,Family,Comedy,481
23,1,312.393457878125,123.54911145476825,Family,Comedy,481
23,2,313.6753007157265,123.14616438727137,Family,Comedy,481
23,3,314.95899680132857,122.74916091206586,Family,Comedy,481
23,4,316.24451857610654,122.35810955215737,Family,Comedy,481
23,5,317.5318384420423,121.97301870276948,Family,Comedy,481
23,6,318.8209287625147,121.59389663116349,Family,Comedy,481
23,7,320.111761862895,121.22075147646086,Family,Comedy,481
23,8,321.4043100311385,120.85359124946888,Family,Comedy,481
23,9,322.6985455183822,120.49242383250794,Family,Comedy,481
23,10,323.9944405395381,120.13725697924315,Family,Comedy,481
23,11,325.2919672738916,119.78809831451713,Family,Comedy,481
23,12,326.591097865697,119.444955334187,Family,Comedy,481
23,13,327.89180442477755,119.10783540496277,Family,Comedy,481
23,14,335.07111105728364,145.5313814896135,Family,Comedy,481
23,15,342.87413655952156,171.29875029689197,Family,Comedy,481
23,16,351.3008809314914,196.40994182679825,Family,Comedy,481
23,17,360.3513441731929,220.8649560793322,Family,Comedy,481
23,18,370.0255262846262,244.66379305449385,Family,Comedy,481
23,19,380.3234272657914,267.80645275228335,Family,Comedy,481
23,20,391.24504711668834,290.29293517270054,Family,Comedy,481
23,21,402.79038583731705,312.1232403157454,Family,Comedy,481
23,22,414.95944342767757,333.29736818141805,Family,Comedy,481
23,23,427.7522198877699,353.81531876971843,Family,Comedy,481
23,24,441.16871521759407,373.67709208064656,Family,Comedy,481
23,25,455.20892941715005,392.88268811420244,Family,Comedy,481
23,26,469.8728624864378,411.43210687038606,Family,Comedy,481
23,27,485.16051442545734,429.3253483491974,Family,Comedy,481
23,28,501.07188523420865,446.5624125506365,Family,Comedy,481
23,29,517.6069749126918,463.14329947470327,Family,Comedy,481
23,30,534.7657834609067,479.06800912139784,Family,Comedy,481
23,31,552.5483108788535,494.33654149072015,Family,Comedy,481
23,32,570.954557166532,508.94889658267016,Family,Comedy,481
23,33,589.9845223239424,522.905074397248,Family,Comedy,481
23,34,609.6382063510846,536.2050749344535,Family,Comedy,481
23,35,610.2670461439022,535.2322790827623,Family,Comedy,481
23,36,610.8913718522687,534.2565800185159,Family,Comedy,481
23,37,611.5111700729473,533.2779986883536,Family,Comedy,481
23,38,612.126427499899,532.2965561007923,Family,Comedy,481
23,39,612.7371309245684,531.3122733257751,Family,Comedy,481
23,40,613.3432672361664,530.3251714942193,Family,Comedy,481
23,41,613.9448234219528,529.3352717975628,Family,Comedy,481
23,42,614.5417865675147,528.3425954873088,Family,Comedy,481
23,43,615.1341438570443,527.34716387457,Family,Comedy,481
23,44,615.7218825736138,526.3489983296108,Family,Comedy,481
23,45,616.3049900994486,525.3481202813886,Family,Comedy,481
23,46,616.883453916198,524.3445512170935,Family,Comedy,481
23,47,617.4572616052043,523.3383126816875,Family,Comedy,481
23,48,597.0385898818349,511.2455398325146,Family,Comedy,481
23,49,577.2030054936712,498.4602332243651,Family,Comedy,481
23,50,557.9505084407126,484.9823928572389,Family,Comedy,481
23,51,539.2810987229592,470.8120187311358,Family,Comedy,481
23,52,521.1947763404111,455.94911084605616,Family,Comedy,481
23,53,503.69154129306844,440.39366920199996,Family,Comedy,481
23,54,486.77139358093103,424.14569379896693,Family,Comedy,481
23,55,470.4343332039988,407.20518463695714,Family,Comedy,481
23,56,454.6803601622718,389.5721417159707,Family,Comedy,481
23,57,439.50947445575025,371.2465650360076,Family,Comedy,481
23,58,424.921676084434,352.22845459706787,Family,Comedy,481
23,59,410.91696504832294,332.51781039915136,Family,Comedy,481
23,60,397.49534134741714,312.1146324422582,Family,Comedy,481
23,61,384.65680498171673,291.0189207263884,Family,Comedy,481
23,62,372.40135595122155,269.2306752515418,Family,Comedy,481
23,63,360.72899425593164,246.74989601771856,Family,Comedy,481
23,64,349.639719895847,223.57658302491856,Family,Comedy,481
23,65,339.13353287096777,199.71073627314198,Family,Comedy,481
23,66,329.21043318129375,175.15235576238868,Family,Comedy,481
23,67,319.870420826825,149.90144149265862,Family,Comedy,481
24,0,687.8980222792545,434.85295923869097,Comedy,Family,561
24,1,687.7054731044216,436.40825106704494,Comedy,Family,561
24,2,687.5045219450204,437.96247964985014,Comedy,Family,561
24,3,687.2951746695128,439.5155995983123,Comedy,Family,561
24,4,687.0774373915557,441.06756555601277,Comedy,Family,561
24,5,686.8513164698229,442.6183322002337,Comedy,Family,561
24,6,686.6168185078194,444.167854243281,Comedy,Family,561
24,7,686.3739503536881,445.71608643380745,Comedy,Family,561
24,8,686.1227191000106,447.2629835581338,Comedy,Family,561
24,9,685.8631320835993,448.80850044156927,Comedy,Family,561
24,10,685.5951968852836,450.35259194973094,Comedy,Family,561
24,11,685.3189213296884,451.89521298986165,Comedy,Family,561
24,12,685.0343134850054,453.43631851214695,Comedy,Family,561
24,13,684.7413816627582,454.9758635110308,Comedy,Family,561
24,14,658.21533462645,449.30036480300345,Comedy,Family,561
24,15,632.873647167575,442.7454617286416,Comedy,Family,561
24,16,608.7163192861328,435.3111542879454,Comedy,Family,561
24,17,585.7433509821235,426.9974424809144,Comedy,Family,561
24,18,563.9547422555471,417.8043263075491,Comedy,Family,561
24,19,543.3504931064039,407.7318057678493,Comedy,Family,561
24,20,523.9306035346937,396.77988086181506,Comedy,Family,561
24,21,505.69507354041616,384.94855158944614,Comedy,Family,561
24,22,488.6439031235717,372.23781795074274,Comedy,Family,561
24,23,472.7770922841603,358.6476799457049,Comedy,Family,561
24,24,458.09464102218186,344.1781375743326,Comedy,Family,561
24,25,444.5965493376363,328.82919083662574,Comedy,Family,561
24,26,432.2828172305237,312.6008397325844,Comedy,Family,561
24,27,421.15344470084415,295.4930842622086,Comedy,Family,561
24,28,411.2084317485975,277.5059244254982,Comedy,Family,561
24,29,402.44777837378376,258.6393602224534,Comedy,Family,561
24,30,394.87148457640296,238.89339165307393,Comedy,Family,561
24,31,388.47955035645526,218.26801871736015,Comedy,Family,561
24,32,383.2719757139405,196.76324141531182,Comedy,Family,561
24,33,379.2487606488586,174.3790597469289,Comedy,Family,561
24,34,376.4099051612097,151.11547371221153,Comedy,Family,561
24,35,375.06527778489976,151.2465887107158,Comedy,Family,561
24,36,373.72137858782486,151.38496816025872,Comedy,Family,561
24,37,372.37824681644105,151.53060801968678,Comedy,Family,561
24,38,371.03592169479367,151.68350403581746,Comedy,Family,561
24,39,369.69444242337033,151.84365174356392,Comedy,Family,561
24,40,368.3538481779576,152.01104646606487,Comedy,Family,561
24,41,367.0141781084962,152.1856833148214,Comedy,Family,561
24,42,365.67547133793715,152.36755718983989,Comedy,Family,561
24,43,364.33776696110044,152.5566627797806,Comedy,Family,561
24,44,363.0011040435328,152.75299456211303,Comedy,Family,561
24,45,361.665521620366,152.9565468032772,Comedy,Family,561
24,46,360.3310586951788,153.16731355885085,Comedy,Family,561
24,47,358.99775423885563,153.38528867372347,Comedy,Family,561
24,48,363.46258439415305,176.3922186592473,Comedy,Family,561
24,49,369.04712328649407,198.43877788700436,Comedy,Family,561
24,50,375.7513709158788,219.5249663569946,Comedy,Family,561
24,51,383.5753272823069,239.650784069218,Comedy,Family,561
24,52,392.51899238577863,258.8162310236745,Comedy,Family,561
24,53,402.5823662262941,277.0213072203643,Comedy,Family,561
24,54,413.7654488038531,294.26601265928724,Comedy,Family,561
24,55,426.0682401184555,310.55034734044324,Comedy,Family,561
24,56,439.49074017010156,325.8743112638325,Comedy,Family,561
24,57,454.03294895879134,340.23790442945494,Comedy,Family,561
24,58,469.6948664845246,353.64112683731054,Comedy,Family,561
24,59,486.47649274730145,366.08397848739935,Comedy,Family,561
24,60,504.37782774712196,377.56645937972127,Comedy,Family,561
24,61,523.398871483986,388.0885695142764,Comedy,Family,561
24,62,543.5396239578936,397.65030889106464,Comedy,Family,561
24,63,564.8000851688447,406.2516775100861,Comedy,Family,561
24,64,587.1802551168396,413.8926753713407,Comedy,Family,561
24,65,610.6801338018779,420.57330247482855,Comedy,Family,561
24,66,635.2997212239599,426.29355882054955,Comedy,Family,561
24,67,661.0390173830854,431.05344440850365,Comedy,Family,561
25,0,689.8304936431905,409.9138768675272,Comedy,Adventure,202
25,1,689.8106542026526,410.4778199369189,Comedy,Adventure,202
25,2,689.7897174604468,411.04172333444507,Comedy,Adventure,202
25,3,689.7676834958452,411.6055849250147,Comedy,Adventure,202
25,4,689.7445523922743,412.169402573695,Comedy,Adventure,202
25,5,689.7203242373148,412.7331741457195,Comedy,Adventure,202
25,6,689.694999122701,413.29689750649635,Comedy,Adventure,202
25,7,689.6685771443208,413.8605705216162,Comedy,Adventure,202
25,8,689.6410584022149,414.4241910568601,Comedy,Adventure,202
25,9,689.6124430005765,414.9877569782081,Comedy,Adventure,202
25,10,689.5827310477516,415.5512661518469,Comedy,Adventure,202
25,11,689.5519226562375,416.1147164441781,Comedy,Adventure,202
25,12,689.5200179426831,416.6781057218261,Comedy,Adventure,202
25,13,689.4870170278886,417.2414318516466,Comedy,Adventure,202
25,14,662.029096196578,415.47956556320014,Comedy,Adventure,202
25,15,634.7957178984352,413.4780489553172,Comedy,Adventure,202
25,16,607.7868821334595,411.2368820279979,Comedy,Adventure,202
25,17,581.0025889016513,408.756064781242,Comedy,Adventure,202
25,18,554.4428382030104,406.03559721504973,Comedy,Adventure,202
25,19,528.1076300375371,403.0754793294211,Comedy,Adventure,202
25,20,501.9969644052312,399.875711124356,Comedy,Adventure,202
25,21,476.11084130609265,396.43629259985426,Comedy,Adventure,202
25,22,450.4492607401215,392.7572237559162,Comedy,Adventure,202
25,23,425.01222270731785,388.83850459254177,Comedy,Adventure,202
25,24,399.7997272076816,384.6801351097309,Comedy,Adventure,202
25,25,374.8117742412127,380.2821153074834,Comedy,Adventure,202
25,26,350.0483638079112,375.6444451857996,Comedy,Adventure,202
25,27,325.5094959077772,370.76712474467934,Comedy,Adventure,202
25,28,301.1951705408106,365.6501539841226,Comedy,Adventure,202
25,29,277.10538770701135,360.2935329041294,Comedy,Adventure,202
25,30,253.24014740637955,354.6972615046998,Comedy,Adventure,202
25,31,229.5994496389152,348.8613397858337,Comedy,Adventure,202
25,32,206.18329440461827,342.78576774753117,Comedy,Adventure,202
25,33,182.99168170348867,336.4705453897922,Comedy,Adventure,202
25,34,160.0246115355265,329.9156727126168,Comedy,Adventure,202
25,35,159.88869342074895,330.38275750358315,Comedy,Adventure,202
25,36,159.75368443244201,330.850105884294,Comedy,Adventure,202
25,37,159.6195850817863,331.31771608524195,Comedy,Adventure,202
25,38,159.48639587651837,331.78558633592775,Comedy,Adventure,202
25,39,159.3541173209286,332.2537148648681,Comedy,Adventure,202
25,40,159.22274991585942,332.72209989960135,Comedy,Adventure,202
25,41,159.0922941587034,333.1907396666951,Comedy,Adventure,202
25,42,158.96275054340146,333.659632391752,Comedy,Adventure,202
25,43,158.8341195604408,334.1287762994171,Comedy,Adventure,202
25,44,158.70640169685316,334.5981696133845,Comedy,Adventure,202
25,45,158.57959743621296,335.06781055640414,Comedy,Adventure,202
25,46,158.4537072586356,335.5376973502878,Comedy,Adventure,202
25,47,158.3287316407753,336.0078282159169,Comedy,Adventure,202
25,48,181.45424750556305,341.9796942476967,Comedy,Adventure,202
25,49,204.79817255531208,347.7063072413064,Comedy,Adventure,202
25,50,228.3605067900225,353.1876671967457,Comedy,Adventure,202
25,51,252.1412502096941,358.4237741140146,Comedy,Adventure,202
25,52,276.140402814327,363.4146279931131,Comedy,Adventure,202
25,53,300.3579646039213,368.16022883404145,Comedy,Adventure,202
25,54,324.79393557847686,372.66057663679953,Comedy,Adventure,202
25,55,349.44831573799365,376.9156714013871,Comedy,Adventure,202
25,56,374.3211050824718,380.9255131278043,Comedy,Adventure,202
25,57,399.41230361191117,384.69010181605137,Comedy,Adventure,202
25,58,424.72191132631195,388.20943746612807,Comedy,Adventure,202
25,59,450.24992822567395,391.4835200780344,Comedy,Adventure,202
25,60,475.99635430999734,394.5123496517705,Comedy,Adventure,202
25,61,501.96118957928195,397.29592618733625,Comedy,Adventure,202
25,62,528.1444340335278,399.8342496847316,Comedy,Adventure,202
25,63,554.546087672735,402.1273201439567,Comedy,Adventure,202
25,64,581.1661504969035,404.17513756501137,Comedy,Adventure,202
25,65,608.0046225060333,405.97770194789587,Comedy,Adventure,202
25,66,635.0615037001244,407.53501329260996,Comedy,Adventure,202
25,67,662.3367940791768,408.84707159915376,Comedy,Adventure,202
26,0,529.8069844469406,140.67366738259744,Drama,Adventure,97
26,1,530.049238616383,140.79507038773534,Drama,Adventure,97
26,2,530.2913792428315,140.91669969872498,Drama,Adventure,97
26,3,530.5334061148789,141.03855520937464,Drama,Adventure,97
26,4,530.7753190212169,141.160636813295,Drama,Adventure,97
26,5,531.017117750637,141.2829444038996,Drama,Adventure,97
26,6,531.2588020920305,141.4054778744043,Drama,Adventure,97
26,7,531.500371834388,141.52823711782816,Drama,Adventure,97
26,8,531.7418267668008,141.65122202699268,Drama,Adventure,97
26,9,531.9831666784602,141.77443249452273,Drama,Adventure,97
26,10,532.2243913586576,141.89786841284604,Drama,Adventure,97
26,11,532.4655005967857,142.02152967419357,Drama,Adventure,97
26,12,532.7064941823371,142.1454161705995,Drama,Adventure,97
26,13,532.9473719049062,142.26952779390137,Drama,Adventure,97
26,14,520.03917799003,166.08575724665863,Drama,Adventure,97
26,15,506.63790517966953,188.44292708948313,Drama,Adventure,97
26,16,492.74355347382453,209.34103732237483,Drama,Adventure,97
26,17,478.35612287249495,228.78008794533372,Drama,Adventure,97
26,18,463.475613375681,246.76007895835977,Drama,Adventure,97
26,19,448.10202498338276,263.2810103614531,Drama,Adventure,97
26,20,432.2353576956001,278.3428821546136,Drama,Adventure,97
26,21,415.87561151233274,291.9456943378413,Drama,Adventure,97
26,22,399.02278643358113,304.0894469111362,Drama,Adventure,97
26,23,381.67688245934505,314.7741398744983,Drama,Adventure,97
26,24,363.83789958962456,323.9997732279276,Drama,Adventure,97
26,25,345.50583782441964,331.7663469714241,Drama,Adventure,97
26,26,326.6806971637302,338.0738611049878,Drama,Adventure,97
26,27,307.3624776075564,342.9223156286188,Drama,Adventure,97
26,28,287.5511791558981,346.31171054231686,Drama,Adventure,97
26,29,267.24680180875544,348.2420458460822,Drama,Adventure,97
26,30,246.44934556612822,348.7133215399148,Drama,Adventure,97
26,31,225.1588104280167,347.7255376238145,Drama,Adventure,97
26,32,203.3751963944207,345.27869409778145,Drama,Adventure,97
26,33,181.09850346534023,341.37279096181555,Drama,Adventure,97
26,34,158.3287316407753,336.0078282159169,Drama,Adventure,97
26,35,158.2690437648271,336.23367034532316,Drama,Adventure,97
26,36,158.20956693860708,336.4595681476427,Drama,Adventure,97
26,37,158.1503012140431,336.6855214256492,Drama,Adventure,97
26,38,158.0912466428788,336.91152998206815,Drama,Adventure,97
26,39,158.0324032766732,337.1375936195766,Drama,Adventure,97
26,40,157.97377116680124,337.3637121408037,Drama,Adventure,97
26,41,157.91535036445313,337.5898853483307,Drama,Adventure,97
26,42,157.8571409206348,337.81611304469067,Drama,Adventure,97
26,43,157.7991428861676,338.0423950323696,Drama,Adventure,97
26,44,157.74135631168824,338.2687311138058,Drama,Adventure,97
26,45,157.68378124764885,338.4951210913906,Drama,Adventure,97
26,46,157.62641774431688,338.72156476746807,Drama,Adventure,97
26,47,157.56926585177513,338.9480619443354,Drama,Adventure,97
26,48,180.40252454684122,344.03605089595635,Drama,Adventure,97
26,49,202.72501793713963,347.6710771687879,Drama,Adventure,97
26,50,224.53674602267034,349.8531407628301,Drama,Adventure,97
26,51,245.8377088034332,350.5822416780827,Drama,Adventure,97
26,52,266.62790627942843,349.858379914546,Drama,Adventure,97
26,53,286.9073384506559,347.6815554722199,Drama,Adventure,97
26,54,306.6760053171157,344.0517683511044,Drama,Adventure,97
26,55,325.9339068788077,338.9690185511994,Drama,Adventure,97
26,56,344.68104313573195,332.43330607250493,Drama,Adventure,97
26,57,362.9174140878885,324.4446309150211,Drama,Adventure,97
26,58,380.64301973527733,315.002993078748,Drama,Adventure,97
26,59,397.8578600778985,304.10839256368524,Drama,Adventure,97
26,60,414.5619351157519,291.7608293698332,Drama,Adventure,97
26,61,430.75524484883755,277.9603034971917,Drama,Adventure,97
26,62,446.4377892771554,262.7068149457608,Drama,Adventure,97
26,63,461.6095684007056,246.00036371554046,Drama,Adventure,97
26,64,476.27058221948806,227.84094980653066,Drama,Adventure,97
26,65,490.42083073350284,208.22857321873153,Drama,Adventure,97
26,66,504.0603139427498,187.16323395214295,Drama,Adventure,97
26,67,517.1890318472291,164.64493200676492,Drama,Adventure,97
27,0,541.9007486131529,147.08859744363684,Drama,Science Fiction,172
27,1,542.3195897163795,147.32405262280818,Drama,Science Fiction,172
27,2,542.7380401311601,147.56020143504446,Drama,Science Fiction,172
27,3,543.1560987087861,147.79704323208205,Drama,Science Fiction,172
27,4,543.5737643016245,148.03457736375495,Drama,Science Fiction,172
27,5,543.9910357631211,148.27280317799668,Drama,Science Fiction,172
27,6,544.4079119478037,148.51172002084195,Drama,Science Fiction,172
27,7,544.8243917112851,148.75132723642847,Drama,Science Fiction,172
27,8,545.2404739102665,148.99162416699875,Drama,Science Fiction,172
27,9,545.6561574025402,149.232610152902,Drama,Science Fiction,172
27,10,546.0714410469932,149.47428453259576,Drama,Science Fiction,172
27,11,546.4863237036103,149.71664664264807,Drama,Science Fiction,172
27,12,546.9008042334768,149.95969581773878,Drama,Science Fiction,172
27,13,547.3148814987819,150.20343139066176,Drama,Science Fiction,172
27,14,533.3295462692382,172.9396865067164,Drama,Science Fiction,172
27,15,519.433518008947,193.5681530721493,Drama,Science Fiction,172
27,16,505.6267967179079,212.08883108696043,Drama,Science Fiction,172
27,17,491.9093823961208,228.50172055114973,Drama,Science Fiction,172
27,18,478.281275043586,242.80682146471727,Drama,Science Fiction,172
27,19,464.74247466030357,255.00413382766308,Drama,Science Fiction,172
27,20,451.29298124627337,265.09365763998716,Drama,Science Fiction,172
27,21,437.93279480149516,273.0753929016893,Drama,Science Fiction,172
27,22,424.6619153259693,278.94933961276973,Drama,Science Fiction,172
27,23,411.4803428196957,282.71549777322844,Drama,Science Fiction,172
27,24,398.38807728267426,284.37386738306543,Drama,Science Fiction,172
27,25,385.385118714905,283.92444844228055,Drama,Science Fiction,172
27,26,372.471467116388,281.3672409508739,Drama,Science Fiction,172
27,27,359.6471224871233,276.7022449088455,Drama,Science Fiction,172
27,28,346.9120848271107,269.92946031619533,Drama,Science Fiction,172
27,29,334.2663541363503,261.04888717292334,Drama,Science Fiction,172
27,30,321.7099304148421,250.0605254790296,Drama,Science Fiction,172
27,31,309.2428136625863,236.96437523451414,Drama,Science Fiction,172
27,32,296.86500387958256,221.76043643937683,Drama,Science Fiction,172
27,33,284.57650106583105,204.44870909361777,Drama,Science Fiction,172
27,34,272.37730522133177,185.0291931972369,Drama,Science Fiction,172
27,35,272.02130633876783,185.24093972834467,Drama,Science Fiction,172
27,36,271.6656587767566,185.4532758050216,Drama,Science Fiction,172
27,37,271.31036351160384,185.66620084437346,Drama,Science Fiction,172
27,38,270.95542151864765,185.87971426188952,Drama,Science Fiction,172
27,39,270.60083377225686,186.0938154714434,Drama,Science Fiction,172
27,40,270.24660124582726,186.30850388529578,Drama,Science Fiction,172
27,41,269.8927249117803,186.5237789140947,Drama,Science Fiction,172
27,42,269.5392057415586,186.73963996687846,Drama,Science Fiction,172
27,43,269.1860447056254,186.9560864510761,Drama,Science Fiction,172
27,44,268.83324277345986,187.17311777251004,Drama,Science Fiction,172
27,45,268.48080091355615,187.39073333539682,Drama,Science Fiction,172
27,46,268.1287200934192,187.60893254234958,Drama,Science Fiction,172
27,47,267.7770012795636,187.82771479437878,Drama,Science Fiction,172
27,48,280.3916128354616,206.97998756280077,Drama,Science Fiction,172
27,49,293.05011441354895,224.0230372574723,Drama,Science Fiction,172
27,50,305.7525060138254,238.95686387839336,Drama,Science Fiction,172
27,51,318.49878763629096,251.78146742556385,Drama,Science Fiction,172
27,52,331.2889592809458,262.49684789898384,Drama,Science Fiction,172
27,53,344.1230209477898,271.1030052986534,Drama,Science Fiction,172
27,54,357.00097263682306,277.59993962457247,Drama,Science Fiction,172
27,55,369.9228143480454,281.987650876741,Drama,Science Fiction,172
27,56,382.888546081457,284.266139055159,Drama,Science Fiction,172
27,57,395.8981678370578,284.43540415982653,Drama,Science Fiction,172
27,58,408.95167961484776,282.4954461907437,Drama,Science Fiction,172
27,59,422.0490814148269,278.44626514791014,Drama,Science Fiction,172
27,60,435.19037323699524,272.2878610313262,Drama,Science Fiction,172
27,61,448.3755550813528,264.0202338409918,Drama,Science Fiction,172
27,62,461.60462694789953,253.64338357690687,Drama,Science Fiction,172
27,63,474.8775888366354,241.15731023907145,Drama,Science Fiction,172
27,64,488.1944407475605,226.5620138274855,Drama,Science Fiction,172
27,65,501.5551826806749,209.8574943421491,Drama,Science Fiction,172
27,66,514.9598146359783,191.04375178306222,Drama,Science Fiction,172
27,67,528.4083366134711,170.12078615022477,Drama,Science Fiction,172
28,0,110.38597050324148,385.04293081346935,Adventure,Comedy,383
28,1,110.44312372247003,383.9745389957361,Adventure,Comedy,383
28,2,110.50421824655456,382.9063653086447,Adventure,Comedy,383
28,3,110.56925324390681,381.8384242916466,Adventure,Comedy,383
28,4,110.63822782930248,380.77073048102625,Adventure,Comedy,383
28,5,110.71114106389365,379.70329840970317,Adventure,Comedy,383
28,6,110.78799195522151,378.6361426070344,Adventure,Comedy,383
28,7,110.86877945722972,377.5692775986162,Adventure,Comedy,383
28,8,110.95350247027886,376.5027179060873,Adventure,Comedy,383
28,9,111.04215984116121,375.43647804692995,Adventure,Comedy,383
28,10,111.13475036311644,374.37057253427344,Adventure,Comedy,383
28,11,111.23127277584825,373.3050158766958,Adventure,Comedy,383
28,12,111.33172576554148,372.23982257802686,Adventure,Comedy,383
28,13,111.43610796487951,371.1750071371504,Adventure,Comedy,383
28,14,138.76687496793227,374.11666157801614,Adventure,Comedy,383
28,15,165.79462511325815,377.4511500695946,Adventure,Comedy,383
28,16,192.5193584008571,381.1784726118856,Adventure,Comedy,383
28,17,218.9410748307291,385.29862920488904,Adventure,Comedy,383
28,18,245.0597744028742,389.8116198486051,Adventure,Comedy,383
28,19,270.87545711729246,394.71744454303393,Adventure,Comedy,383
28,20,296.38812297398374,400.0161032881754,Adventure,Comedy,383
28,21,321.59777197294807,405.7075960840292,Adventure,Comedy,383
28,22,346.5044041141855,411.7919229305957,Adventure,Comedy,383
28,23,371.108019397696,418.26908382787485,Adventure,Comedy,383
28,24,395.40861782347963,425.13907877586655,Adventure,Comedy,383
28,25,419.40619939153635,432.4019077745709,Adventure,Comedy,383
28,26,443.10076410186616,440.0575708239878,Adventure,Comedy,383
28,27,466.492311954469,448.10606792411727,Adventure,Comedy,383
28,28,489.5808429493449,456.54739907495934,Adventure,Comedy,383
28,29,512.366357086494,465.38156427651404,Adventure,Comedy,383
28,30,534.848854365916,474.6085635287813,Adventure,Comedy,383
28,31,557.0283347876112,484.2283968317612,Adventure,Comedy,383
28,32,578.9047983515795,494.24106418545364,Adventure,Comedy,383
28,33,600.4782450578209,504.6465655898587,Adventure,Comedy,383
28,34,621.7486749063354,515.4449010449763,Adventure,Comedy,383
28,35,622.1730848138311,514.6260022172378,Adventure,Comedy,383
28,36,622.5944706112821,513.8055431571023,Adventure,Comedy,383
28,37,623.0128265629935,512.9835350322522,Adventure,Comedy,383
28,38,623.4281469745113,512.1599890314553,Adventure,Comedy,383
28,39,623.8404261926996,511.33491636441204,Adventure,Comedy,383
28,40,624.2496586058178,510.50832826160297,Adventure,Comedy,383
28,41,624.6558386435968,509.6802359741364,Adventure,Comedy,383
28,42,625.058960777315,508.85065077359434,Adventure,Comedy,383
28,43,625.4590195198736,508.01958395188007,Adventure,Comedy,383
28,44,625.856009425871,507.18704682106363,Adventure,Comedy,383
28,45,626.2499250916771,506.3530507132283,Adventure,Comedy,383
28,46,626.6407611555069,505.5176069803163,Adventure,Comedy,383
28,47,627.0285122974933,504.68072699397413,Adventure,Comedy,383
28,48,605.2648319489808,494.91458895329504,Adventure,Comedy,383
28,49,583.2173170553472,485.5553609253481,Adventure,Comedy,383
28,50,560.8859676165919,476.6030429101335,Adventure,Comedy,383
28,51,538.2707836327153,468.0576349076509,Adventure,Comedy,383
28,52,515.3717651037172,459.91913691790035,Adventure,Comedy,383
28,53,492.18891202959793,452.18754894088227,Adventure,Comedy,383
28,54,468.7222244103573,444.8628709765963,Adventure,Comedy,383
28,55,444.97170224599506,437.94510302504233,Adventure,Comedy,383
28,56,420.9373455365115,431.4342450862206,Adventure,Comedy,383
28,57,396.6191542819066,425.33029716013107,Adventure,Comedy,383
28,58,372.01712848218045,419.6332592467737,Adventure,Comedy,383
28,59,347.13126813733277,414.34313134614854,Adventure,Comedy,383
28,60,321.9615732473636,409.4599134582554,Adventure,Comedy,383
28,61,296.5080438122733,404.98360558309463,Adventure,Comedy,383
28,62,270.7706798320615,400.9142077206659,Adventure,Comedy,383
28,63,244.74948130672828,397.2517198709694,Adventure,Comedy,383
28,64,218.44444823627362,393.99614203400506,Adventure,Comedy,383
28,65,191.8555806206977,391.1474742097729,Adventure,Comedy,383
28,66,164.9828784600004,388.7057163982729,Adventure,Comedy,383
28,67,137.82634175418164,386.670868599505,Adventure,Comedy,383
29,0,115.43212497767036,344.132974794824,Adventure,Family,422
29,1,115.66157837884106,342.97665399164964,Adventure,Family,422
29,2,115.89573038507586,341.8212754817495,Adventure,Family,422
29,3,116.1345771270847,340.6668583573988,Adventure,Family,422
29,4,116.37811465799865,339.5134216949856,Adventure,Family,422
29,5,116.62633895343481,338.36098455469636,Adventure,Family,422
29,6,116.87924591156292,337.209565980201,Adventure,Family,422
29,7,117.13683135317319,336.0591849983376,Adventure,Family,422
29,8,117.39909102174539,334.9098606187985,Adventure,Family,422
29,9,117.66602058351901,333.7616118338159,Adventure,Family,422
29,10,117.93761562756504,332.6144576178483,Adventure,Family,422
29,11,118.21387166585885,331.46841692726673,Adventure,Family,422
29,12,118.49478413335436,330.3235087000413,Adventure,Family,422
29,13,118.78034838805911,329.179751855429,Adventure,Family,422
29,14,144.91131520690467,335.1972309820922,Adventure,Family,422
29,15,169.73856773735744,339.7600972869256,Adventure,Family,422
29,16,193.26210597941733,342.868350769929,Adventure,Family,422
29,17,215.48192993308442,344.52199143110244,Adventure,Family,422
29,18,236.39803959835862,344.72101927044594,Adventure,Family,422
29,19,256.01043497524006,343.4654342879597,Adventure,Family,422
29,20,274.31911606372876,340.7552364836434,Adventure,Family,422
29,21,291.32408286382446,336.5904258574972,Adventure,Family,422
29,22,307.02533537552733,330.971002409521,Adventure,Family,422
29,23,321.42287359883744,323.89696613971506,Adventure,Family,422
29,24,334.5166975337547,315.3683170480791,Adventure,Family,422
29,25,346.3068071802792,305.38505513461325,Adventure,Family,422
29,26,356.7932025384108,293.94718039931746,Adventure,Family,422
29,27,365.9758836081496,281.05469284219186,Adventure,Family,422
29,28,373.85485038949554,266.70759246323627,Adventure,Family,422
29,29,380.43010288244864,250.90587926245072,Adventure,Family,422
29,30,385.70164108700897,233.64955323983526,Adventure,Family,422
29,31,389.6694650031764,214.93861439538995,Adventure,Family,422
29,32,392.33357463095103,194.7730627291147,Adventure,Family,422
29,33,393.69396997033283,173.1528982410095,Adventure,Family,422
29,34,393.7506510213218,150.07812093107435,Adventure,Family,422
29,35,392.7347579358055,150.1055897829072,Adventure,Family,422
29,36,391.71898490618224,150.1371880630974,Adventure,Family,422
29,37,390.7033487177894,150.17291524949306,Adventure,Family,422
29,38,389.6878661537027,150.21277075171346,Adventure,Family,422
29,39,388.67255399446,150.25675391115865,Adventure,Family,422
29,40,387.65742901778253,150.3048640010204,Adventure,Family,422
29,41,386.64250799829875,150.35710022629425,Adventure,Family,422
29,42,385.62780770726664,150.4134617237927,Adventure,Family,422
29,43,384.6133449122968,150.47394756215922,Adventure,Family,422
29,44,383.59913637707507,150.538556741884,Adventure,Family,422
29,45,382.58519886108627,150.60728819532017,Adventure,Family,422
29,46,381.5715491193363,150.68014078670154,Adventure,Family,422
29,47,380.55820390207555,150.75711331216144,Adventure,Family,422
29,48,381.72043919684324,173.8026718813138,Adventure,Family,422
29,49,381.503945824399,195.46451202918269,Adventure,Family,422
29,50,379.90872378474273,215.74263375576808,Adventure,Family,422
29,51,376.9347730778743,234.63703706106992,Adventure,Family,422
29,52,372.5820937037938,252.14772194508822,Adventure,Family,422
29,53,366.8506856625014,268.2746884078231,Adventure,Family,422
29,54,359.740548953997,283.01793644927443,Adventure,Family,422
29,55,351.25168357828045,296.3774660694422,Adventure,Family,422
29,56,341.38408953535185,308.35327726832645,Adventure,Family,422
29,57,330.1377668252113,318.9453700459273,Adventure,Family,422
29,58,317.5127154478587,328.15374440224457,Adventure,Family,422
29,59,303.508935403294,335.9784003372783,Adventure,Family,422
29,60,288.1264266915173,342.41933785102856,Adventure,Family,422
29,61,271.36518931252857,347.47655694349527,Adventure,Family,422
29,62,253.22522326632782,351.1500576146785,Adventure,Family,422
29,63,233.70652855291496,353.4398398645782,Adventure,Family,422
29,64,212.80910517229012,354.3459036931944,Adventure,Family,422
29,65,190.53295312445326,353.86824910052707,Adventure,Family,422
29,66,166.87807240940435,352.00687608657626,Adventure,Family,422
29,67,141.84446302714338,348.7617846513419,Adventure,Family,422
30,0,343.3992917356319,115.57714609410885,Family,Science Fiction,80
30,1,343.61849260820327,115.53361248782176,Family,Science Fiction,80
30,2,343.83772696387973,115.49024781667629,Family,Science Fiction,80
30,3,344.0569946724653,115.4470521064253,Family,Science Fiction,80
30,4,344.2762956037441,115.40402538272139,Family,Science Fiction,80
30,5,344.4956296274805,115.36116767111662,Family,Science Fiction,80
30,6,344.7149966134195,115.31847899706275,Family,Science Fiction,80
30,7,344.9343964312865,115.27595938591122,Family,Science Fiction,80
30,8,345.15382895078665,115.23360886291294,Family,Science Fiction,80
30,9,345.37329404160664,115.19142745321864,Family,Science Fiction,80
30,10,345.5927915734134,115.14941518187828,Family,Science Fiction,80
30,11,345.8123214158546,115.1075720738416,Family,Science Fiction,80
30,12,346.0318834385588,115.0658981539579,Family,Science Fiction,80
30,13,346.25147751113536,115.02439344697586,Family,Science Fiction,80
30,14,351.05369576553795,140.98635474566626,Family,Science Fiction,80
30,15,355.2225367213432,164.59117072687582,Family,Science Fiction,80
30,16,358.75800037855083,185.83884139060453,Family,Science Fiction,80
30,17,361.6600867371609,204.72936673685226,Family,Science Fiction,80
30,18,363.92879579717345,221.26274676561914,Family,Science Fiction,80
30,19,365.5641275585886,235.4389814769052,Family,Science Fiction,80
30,20,366.56608202140626,247.25807087071038,Family,Science Fiction,80
30,21,366.9346591856263,256.7200149470346,Family,Science Fiction,80
30,22,366.6698590512488,263.82481370587794,Family,Science Fiction,80
30,23,365.771681618274,268.57246714724045,Family,Science Fiction,80
30,24,364.2401268867015,270.9629752711221,Family,Science Fiction,80
30,25,362.07519485653154,270.9963380775228,Family,Science Fiction,80
30,26,359.27688552776414,268.67255556644267,Family,Science Fiction,80
30,27,355.84519890039917,263.99162773788163,Family,Science Fiction,80
30,28,351.7801349744367,256.95355459183975,Family,Science Fiction,80
30,29,347.08169374987676,247.55833612831697,Family,Science Fiction,80
30,30,341.74987522671927,235.80597234731323,Family,Science Fiction,80
30,31,335.78467940496427,221.6964632488287,Family,Science Fiction,80
30,32,329.1861062846118,205.22980883286328,Family,Science Fiction,80
30,33,321.9541558656618,186.40600909941693,Family,Science Fiction,80
30,34,314.08882814811426,165.2250640484897,Family,Science Fiction,80
30,35,313.90792964176546,165.29133927050586,Family,Science Fiction,80
30,36,313.72708226263853,165.35775387820195,Family,Science Fiction,80
30,37,313.5462861181326,165.42430783213658,Family,Science Fiction,80
30,38,313.3655413156167,165.49100109278558,Family,Science Fiction,80
30,39,313.18484796242905,165.55783362054206,Family,Science Fiction,80
30,40,313.00420616587746,165.62480537571633,Family,Science Fiction,80
30,41,312.82361603323886,165.69191631853622,Family,Science Fiction,80
30,42,312.6430776717601,165.75916640914662,Family,Science Fiction,80
30,43,312.46259118865686,165.82655560760998,Family,Science Fiction,80
30,44,312.282156691114,165.89408387390608,Family,Science Fiction,80
30,45,312.1017742862855,165.96175116793216,Family,Science Fiction,80
30,46,311.92144408129457,166.02955744950287,Family,Science Fiction,80
30,47,311.74116618323325,166.09750267835028,Family,Science Fiction,80
30,48,319.81828971661884,187.1985900622091,Family,Science Fiction,80
30,49,327.2384538754869,205.94899558109046,Family,Science Fiction,80
30,50,334.0016586598374,222.3487192349943,Family,Science Fiction,80
30,51,340.1079040696701,236.39776102392057,Family,Science Fiction,80
30,52,345.55719010498524,248.09612094786934,Family,Science Fiction,80
30,53,350.3495167657828,257.44379900684066,Family,Science Fiction,80
30,54,354.4848840520628,264.4407952008345,Family,Science Fiction,80
30,55,357.96329196382504,269.0871095298507,Family,Science Fiction,80
30,56,360.78474050106973,271.38274199388945,Family,Science Fiction,80
30,57,362.9492296637968,271.3276925929507,Family,Science Fiction,80
30,58,364.45675945200634,268.92196132703447,Family,Science Fiction,80
30,59,365.30732986569814,264.1655481961407,Family,Science Fiction,80
30,60,365.5009409048724,257.0584532002694,Family,Science Fiction,80
30,61,365.037592569529,247.60067633942066,Family,Science Fiction,80
30,62,363.917284859668,235.79221761359435,Family,Science Fiction,80
30,63,362.1400177752894,221.63307702279056,Family,Science Fiction,80
30,64,359.70579131639306,205.1232545670092,Family,Science Fiction,80
30,65,356.61460548297924,186.26275024625042,Family,Science Fiction,80
30,66,352.8664602750477,165.05156406051412,Family,Science Fiction,80
30,67,348.4613556925986,141.48969600980024,Family,Science Fiction,80
31,0,639.1547937422602,564.0273898777184,Thriller,Drama,447
31,1,638.4462963948878,565.0556383028502,Thriller,Drama,447
31,2,637.7333781133589,566.0808264996616,Thriller,Drama,447
31,3,637.0160521155965,567.1029354605623,Thriller,Drama,447
31,4,636.2943317012449,568.121946235053,Thriller,Drama,447
31,5,635.5682302514241,569.1378399300761,Thriller,Drama,447
31,6,634.8377612284806,570.1505977103669,Thriller,Drama,447
31,7,634.1029381757385,571.1602007988024,Thriller,Drama,447
31,8,633.3637747172481,572.1666304767491,Thriller,Drama,447
31,9,632.6202845575333,573.1698680844108,Thriller,Drama,447
31,10,631.8724814813376,574.1698950211739,Thriller,Drama,447
31,11,631.1203793533685,575.1666927459527,Thriller,Drama,447
31,12,630.3639921180406,576.1602427775327,Thriller,Drama,447
31,13,629.6033337992169,577.1505266949139,Thriller,Drama,447
31,14,608.6700612986234,560.2924947683272,Thriller,Drama,447
31,15,589.6042121395508,543.4613564542652,Thriller,Drama,447
31,16,572.4057863219991,526.6571117527279,Thriller,Drama,447
31,17,557.0747838459683,509.8797606637151,Thriller,Drama,447
31,18,543.6112047114583,493.1293031872269,Thriller,Drama,447
31,19,532.0150489184695,476.4057393232635,Thriller,Drama,447
31,20,522.2863164670015,459.7090690718247,Thriller,Drama,447
31,21,514.4250073570543,443.0392924329103,Thriller,Drama,447
31,22,508.431121588628,426.3964094065207,Thriller,Drama,447
31,23,504.30465916172284,409.7804199926557,Thriller,Drama,447
31,24,502.0456200763384,393.1913241913154,Thriller,Drama,447
31,25,501.6540043324749,376.62912200249957,Thriller,Drama,447
31,26,503.1298119301324,360.09381342620844,Thriller,Drama,447
31,27,506.4730428693108,343.585398462442,Thriller,Drama,447
31,28,511.68369715001006,327.1038771112001,Thriller,Drama,447
31,29,518.7617747722303,310.64924937248287,Thriller,Drama,447
31,30,527.7072757359714,294.2215152462902,Thriller,Drama,447
31,31,538.5202000412335,277.82067473262225,Thriller,Drama,447
31,32,551.2005476880164,261.4467278314789,Thriller,Drama,447
31,33,565.7483186763203,245.0996745428601,Thriller,Drama,447
31,34,582.1635130061451,228.77951486676596,Thriller,Drama,447
31,35,581.4245714649592,227.9967300637691,Thriller,Drama,447
31,36,580.6822662058336,227.21713430225702,Thriller,Drama,447
31,37,579.9366109915431,226.4407420363924,Thriller,Drama,447
31,38,579.1876196469726,225.66756766094304,Thriller,Drama,447
31,39,578.4353060588609,224.89762551101526,Thriller,Drama,447
31,40,577.6796841755429,224.13092986178796,Thriller,Drama,447
31,41,576.9207680066914,223.36749492824814,Thriller,Drama,447
31,42,576.1585716230575,222.60733486492705,Thriller,Drama,447
31,43,575.3931091562088,221.85046376563807,Thriller,Drama,447
31,44,574.6243947982683,221.09689566321518,Thriller,Drama,447
31,45,573.8524428016511,220.34664452925284,Thriller,Drama,447
31,46,573.0772674787997,219.59972427384707,Thriller,Drama,447
31,47,572.2988832019194,218.85614874533738,Thriller,Drama,447
31,48,556.8224672891383,236.06913126533482,Thriller,Drama,447
31,49,543.212054446399,253.20448811015345,Thriller,Drama,447
31,50,531.4676446737012,270.2622192797932,Thriller,Drama,447
31,51,521.589237971045,287.242324774254,Thriller,Drama,447
31,52,513.5768343384304,304.14480459353587,Thriller,Drama,447
31,53,507.43043377585764,320.9696587376389,Thriller,Drama,447
31,54,503.1500362833265,337.7168872065631,Thriller,Drama,447
31,55,500.7356418608368,354.3864900003084,Thriller,Drama,447
31,56,500.18725050838873,370.9784671188747,Thriller,Drama,447
31,57,501.50486222598244,387.49281856226224,Thriller,Drama,447
31,58,504.68847701361767,403.9295443304709,Thriller,Drama,447
31,59,509.7380948712946,420.2886444235006,Thriller,Drama,447
31,60,516.6537157990132,436.5701188413515,Thriller,Drama,447
31,61,525.4353397967734,452.77396758402347,Thriller,Drama,447
31,62,536.0829668645752,468.9001906515165,Thriller,Drama,447
31,63,548.5965970024185,484.94878804383075,Thriller,Drama,447
31,64,562.9762302103036,500.91975976096603,Thriller,Drama,447
31,65,579.2218664882303,516.8131058029225,Thriller,Drama,447
31,66,597.3335058361986,532.6288261697,Thriller,Drama,447
31,67,617.3111482542085,548.3669208612987,Thriller,Drama,447
32,0,287.01766976086543,667.0861154267199,Action,Family,133
32,1,286.67558031279805,666.9411468892702,Action,Family,133
32,2,286.3336768745267,666.7957401967572,Action,Family,133
32,3,285.991960007249,666.64989558785,Action,Family,133
32,4,285.65043027185624,666.5036133019371,Action,Family,133
32,5,285.30908822893264,666.3568935791249,Action,Family,133
32,6,284.9679344387543,666.209736660238,Action,Family,133
32,7,284.62696946128824,666.0621427868186,Action,Family,133
32,8,284.28619385619174,665.9141122011263,Action,Family,133
32,9,283.94560818281104,665.765645146137,Action,Family,133
32,10,283.60521300018087,665.6167418655434,Action,Family,133
32,11,283.2650088670231,665.4674026037544,Action,Family,133
32,12,282.924996341746,665.3176276058939,Action,Family,133
32,13,282.5851759824436,665.1674171178017,Action,Family,133
32,14,293.4572077026746,639.9494874386232,Action,Family,133
32,15,303.7085744790713,614.8037778520977,Action,Family,133
32,16,313.3392763116336,589.730288358225,Action,Family,133
32,17,322.34931320036145,564.7290189570051,Action,Family,133
32,18,330.738685145255,539.7999696484383,Action,Family,133
32,19,338.50739214631415,514.9431404325243,Action,Family,133
32,20,345.6554342035389,490.1585313092632,Action,Family,133
32,21,352.1828113169293,465.446142278655,Action,Family,133
32,22,358.0895234864852,440.80597334069955,Action,Family,133
32,23,363.3755707122068,416.2380244953972,Action,Family,133
32,24,368.0409529940941,391.7422957427477,Action,Family,133
32,25,372.08567033214695,367.318787082751,Action,Family,133
32,26,375.50972272636545,342.9674985154072,Action,Family,133
32,27,378.31311017674955,318.6884300407164,Action,Family,133
32,28,380.4958326832992,294.48158165867846,Action,Family,133
32,29,382.0578902460146,270.3469533692934,Action,Family,133
32,30,382.9992828648955,246.28454517256114,Action,Family,133
32,31,383.32001053994213,222.29435706848193,Action,Family,133
32,32,383.02007327115433,198.37638905705558,Action,Family,133
32,33,382.0994710585321,174.53064113828208,Action,Family,133
32,34,380.55820390207555,150.75711331216144,Action,Family,133
32,35,380.2388978585334,150.78222607094307,Action,Family,133
32,36,379.91962425070625,150.8077478937855,Action,Family,133
32,37,379.6003836026473,150.83367873879735,Action,Family,133
32,38,379.2811764383557,150.86001856341593,Action,Family,133
32,39,378.9620032817752,150.88676732440734,Action,Family,133
32,40,378.6428646567942,150.91392497786634,Action,Family,133
32,41,378.32376108724435,150.9414914792166,Action,Family,133
32,42,378.0046930968997,150.96946678321063,Action,Family,133
32,43,377.6856612094758,150.99785084393005,Action,Family,133
32,44,377.3666659486294,151.0266436147854,Action,Family,133
32,45,377.04770783795624,151.05584504851657,Action,Family,133
32,46,376.72878740099185,151.08545509719252,Action,Family,133
32,47,376.4099051612097,151.11547371221153,Action,Family,133
32,48,378.3468928214166,174.86003537485558,Action,Family,133
32,49,379.66450440417265,198.6871439270187,Action,Family,133
32,50,380.36273990947785,222.59679936870072,Action,Family,133
32,51,380.44159933733204,246.58900169990167,Action,Family,133
32,52,379.90108268773537,270.6637509206216,Action,Family,133
32,53,378.74118996068785,294.82104703086054,Action,Family,133
32,54,376.96192115618936,319.06089003061845,Action,Family,133
32,55,374.56327627424,343.38327991989524,Action,Family,133
32,56,371.5452553148396,367.78821669869103,Action,Family,133
32,57,367.90785827798845,392.2757003670058,Action,Family,133
32,58,363.6510851636864,416.84573092483953,Action,Family,133
32,59,358.77493597193336,441.49830837219224,Action,Family,133
32,60,353.2794107027294,466.23343270906395,Action,Family,133
32,61,347.16450935607463,491.05110393545453,Action,Family,133
32,62,340.4302319319689,515.9513220513641,Action,Family,133
32,63,333.07657843041227,540.9340870567927,Action,Family,133
32,64,325.10354885140464,565.9993989517402,Action,Family,133
32,65,316.51114319494627,591.1472577362066,Action,Family,133
32,66,307.2993614610369,616.377663410192,Action,Family,133
32,67,297.4682036496766,641.6906159736966,Action,Family,133
33,0,683.4536601590307,338.7299213118773,Comedy,Thriller,147
33,1,683.5401361033119,339.1313609605459,Comedy,Thriller,147
33,2,683.6260435112515,339.5329226590726,Comedy,Thriller,147
33,3,683.7113822105933,339.9346056022718,Comedy,Thriller,147
33,4,683.7961520302218,340.3364089847148,Comedy,Thriller,147
33,5,683.8803528001621,340.7383320007316,Comedy,Thriller,147
33,6,683.96398435158,341.14037384441195,Comedy,Thriller,147
33,7,684.0470465167832,341.5425337096077,Comedy,Thriller,147
33,8,684.1295391292208,341.9448107899339,Comedy,Thriller,147
33,9,684.2114620234838,342.3472042787705,Comedy,Thriller,147
33,10,684.2928150353058,342.74971336926416,Comedy,Thriller,147
33,11,684.3735980015629,343.1523372543296,Comedy,Thriller,147
33,12,684.4538107602745,343.55507512665156,Comedy,Thriller,147
33,13,684.533453150603,343.957926178686,Comedy,Thriller,147
33,14,658.4194696493742,349.6223723834614,Comedy,Thriller,147
33,15,634.2743673648505,355.9410302699185,Comedy,Thriller,147
33,16,612.0981462970316,362.91389983805703,Comedy,Thriller,147
33,17,591.8908064459175,370.54098108787707,Comedy,Thriller,147
33,18,573.6523478115084,378.8222740193787,Comedy,Thriller,147
33,19,557.3827703938044,387.75777863256195,Comedy,Thriller,147
33,20,543.0820741928053,397.34749492742674,Comedy,Thriller,147
33,21,530.750259208511,407.59142290397295,Comedy,Thriller,147
33,22,520.3873254409217,418.4895625622008,Comedy,Thriller,147
33,23,511.9932728900374,430.0419139021102,Comedy,Thriller,147
33,24,505.56810155585805,442.2484769237012,Comedy,Thriller,147
33,25,501.1118114383835,455.1092516269737,Comedy,Thriller,147
33,26,498.62440253761395,468.6242380119278,Comedy,Thriller,147
33,27,498.10587485354944,482.79343607856345,Comedy,Thriller,147
33,28,499.55622838618973,497.61684582688054,Comedy,Thriller,147
33,29,502.975463135535,513.0944672568792,Comedy,Thriller,147
33,30,508.3635791015852,529.2263003685595,Comedy,Thriller,147
33,31,515.7205762843403,546.0123451619213,Comedy,Thriller,147
33,32,525.0464546838004,563.4526016369647,Comedy,Thriller,147
33,33,536.3412142999654,581.5470697936896,Comedy,Thriller,147
33,34,549.6048551328354,600.2957496320961,Comedy,Thriller,147
33,35,549.8883294642021,600.08370421009,Comedy,Thriller,147
33,36,550.1715032491853,599.8712575931816,Comedy,Thriller,147
33,37,550.4543759199831,599.6584102073549,Comedy,Thriller,147
33,38,550.7369469093977,599.4451624793978,Comedy,Thriller,147
33,39,551.0192156508359,599.231514836901,Comedy,Thriller,147
33,40,551.3011815783107,599.0174677082568,Comedy,Thriller,147
33,41,551.5828441264423,598.8030215226588,Comedy,Thriller,147
33,42,551.864202730459,598.5881767101004,Comedy,Thriller,147
33,43,552.145256826199,598.3729337013746,Comedy,Thriller,147
33,44,552.4260058501106,598.1572929280727,Comedy,Thriller,147
33,45,552.7064492392542,597.9412548225839,Comedy,Thriller,147
33,46,552.9865864313027,597.7248198180935,Comedy,Thriller,147
33,47,553.2664168645431,597.5079883485832,Comedy,Thriller,147
33,48,539.6599102176332,579.00663324432,Comedy,Thriller,147
33,49,528.0339934891978,561.1231371407847,Comedy,Thriller,147
33,50,518.3886666792365,543.857500037977,Comedy,Thriller,147
33,51,510.7239297877492,527.209721935897,Comedy,Thriller,147
33,52,505.03978281473644,511.1798028345447,Comedy,Thriller,147
33,53,501.336225760198,495.7677427339202,Comedy,Thriller,147
33,54,499.6132586241338,480.97354163402343,Comedy,Thriller,147
33,55,499.8708814065436,466.7971995348542,Comedy,Thriller,147
33,56,502.10909410742784,453.2387164364128,Comedy,Thriller,147
33,57,506.3278967267863,440.2980923386991,Comedy,Thriller,147
33,58,512.5272892646192,427.9753272417131,Comedy,Thriller,147
33,59,520.7072717209261,416.2704211454548,Comedy,Thriller,147
33,60,530.8678440957074,405.1833740499242,Comedy,Thriller,147
33,61,543.0090063889629,394.7141859551214,Comedy,Thriller,147
33,62,557.1307586006926,384.8628568610462,Comedy,Thriller,147
33,63,573.2331007308967,375.6293867676988,Comedy,Thriller,147
33,64,591.3160327795749,367.01377567507905,Comedy,Thriller,147
33,65,611.3795547467275,359.0160235831871,Comedy,Thriller,147
33,66,633.4236666323543,351.6361304920228,Comedy,Thriller,147
33,67,657.4483684364554,344.87409640158626,Comedy,Thriller,147
34,0,148.40864589294304,255.77174153940052,Horror,Thriller,1014
34,1,149.82940428481868,253.32119089823746,Horror,Thriller,1014
34,2,151.27403077456702,250.88463448433967,Horror,Thriller,1014
34,3,152.7423875342939,248.46230476294454,Horror,Thriller,1014
34,4,154.2343344720641,246.05443284195957,Horror,Thriller,1014
34,5,155.7497292452676,243.66124844991276,Horror,Thriller,1014
34,6,157.2884272742002,241.28297991403446,Horror,Thriller,1014
34,7,158.85028175585708,238.91985413847402,Horror,Thriller,1014
34,8,160.43514367793915,236.57209658265103,Horror,Thriller,1014
34,9,162.0428618330698,234.23993123974492,Horror,Thriller,1014
34,10,163.67328283322138,231.92358061532417,Horror,Thriller,1014
34,11,165.32625112434926,229.62326570611813,Horror,Thriller,1014
34,12,167.00160900123285,227.3392059789321,Horror,Thriller,1014
34,13,168.69919662252224,225.07161934970827,Horror,Thriller,1014
34,14,190.3659414957632,241.87787958205783,Horror,Thriller,1014
34,15,211.3088802340618,258.97696872667007,Horror,Thriller,1014
34,16,231.52801283741803,276.3688867835449,Horror,Thriller,1014
34,17,251.02333930583183,294.0536337526824,Horror,Thriller,1014
34,18,269.79485963930324,312.03120963408253,Horror,Thriller,1014
34,19,287.8425738378324,330.30161442774533,Horror,Thriller,1014
34,20,305.1664819014191,348.86484813367076,Horror,Thriller,1014
34,21,321.7665838300634,367.7209107518587,Horror,Thriller,1014
34,22,337.6428796237653,386.86980228230937,Horror,Thriller,1014
34,23,352.79536928252486,406.31152272502277,Horror,Thriller,1014
34,24,367.224052806342,426.0460720799987,Horror,Thriller,1014
34,25,380.9289301952168,446.07345034723727,Horror,Thriller,1014
34,26,393.91000144914926,466.39365752673854,Horror,Thriller,1014
34,27,406.1672665681393,487.00669361850237,Horror,Thriller,1014
34,28,417.7007255521869,507.9125586225289,Horror,Thriller,1014
34,29,428.5103784012922,529.111252538818,Horror,Thriller,1014
34,30,438.59622511545507,550.6027753673698,Horror,Thriller,1014
34,31,447.9582656946756,572.3871271081842,Horror,Thriller,1014
34,32,456.59650013895373,594.4643077612614,Horror,Thriller,1014
34,33,464.51092844828946,616.834317326601,Horror,Thriller,1014
34,34,471.7015506226828,639.4971558042033,Horror,Thriller,1014
34,35,474.03743037871226,638.7853825151726,Horror,Thriller,1014
34,36,476.36624642435856,638.0508273605748,Horror,Thriller,1014
34,37,478.6877765736002,637.293560422324,Horror,Thriller,1014
34,38,481.00179933554375,636.513653949205,Horror,Thriller,1014
34,39,483.3080939355549,635.7111823499783,Horror,Thriller,1014
34,40,485.60644033632235,634.8862221862826,Horror,Thriller,1014
34,41,487.896619258851,634.0388521653288,Horror,Thriller,1014
34,42,490.17841220338266,633.1691531323919,Horror,Thriller,1014
34,43,492.45160147024257,632.2772080630974,Horror,Thriller,1014
34,44,494.7159701806095,631.3631020555047,Horror,Thriller,1014
34,45,496.97130229720756,630.4269223219883,Horror,Thriller,1014
34,46,499.21738264491785,629.4687581809166,Horror,Thriller,1014
34,47,501.4539969313075,628.4887010481311,Horror,Thriller,1014
34,48,491.4512639873377,606.9189391401175,Horror,Thriller,1014
34,49,480.767635999487,585.7313107585782,Horror,Thriller,1014
34,50,469.4031129677555,564.9258159035128,Horror,Thriller,1014
34,51,457.3576948921427,544.5024545749213,Horror,Thriller,1014
34,52,444.6313817726491,524.4612267728039,Horror,Thriller,1014
34,53,431.22417360927466,504.8021324971608,Horror,Thriller,1014
34,54,417.13607040201924,485.5251717479917,Horror,Thriller,1014
34,55,402.36707215088285,466.6303445252966,Horror,Thriller,1014
34,56,386.91717885586536,448.1176508290755,Horror,Thriller,1014
34,57,370.7863905169671,429.9870906593286,Horror,Thriller,1014
34,58,353.97470713418795,412.23866401605574,Horror,Thriller,1014
34,59,336.4821287075277,394.8723708992569,Horror,Thriller,1014
34,60,318.3086552369865,377.8882113089321,Horror,Thriller,1014
34,61,299.45428672256446,361.28618524508147,Horror,Thriller,1014
34,62,279.9190231642614,345.06629270770486,Horror,Thriller,1014
34,63,259.70286456207737,329.2285336968023,Horror,Thriller,1014
34,64,238.80581091601238,313.77290821237375,Horror,Thriller,1014
34,65,217.22786222606652,298.6994162544194,Horror,Thriller,1014
34,66,194.96901849223968,284.00805782293907,Horror,Thriller,1014
34,67,172.02927971453184,269.6988329179328,Horror,Thriller,1014
35,0,400.0,110.0,Drama,Comedy,704
35,1,401.9666264386259,110.00666838623533,Drama,Comedy,704
35,2,403.93316243432304,110.02667323826967,Drama,Comedy,704
35,3,405.8995175483219,110.06001363610255,Drama,Comedy,704
35,4,407.8656013501718,110.10668804644672,Drama,Comedy,704
35,5,409.831323421899,110.16669432279866,Drama,Comedy,704
35,6,411.79659336216565,110.24002970553767,Drama,Comedy,704
35,7,413.76132079042685,110.32669082205211,Drama,Comedy,704
35,8,415.72541535108707,110.42667368689536,Drama,Comedy,704
35,9,417.6887867176557,110.53997370196817,Drama,Comedy,704
35,10,419.65134459690125,110.66658565673089,Drama,Comedy,704
35,11,421.6129987330031,110.80650372844275,Drama,Comedy,704
35,12,423.5736589117033,110.95972148242959,Drama,Comedy,704
35,13,425.53323496445444,111.12623187238,Drama,Comedy,704
35,14,423.7043869936676,138.13903390978544,Drama,Comedy,704
35,15,423.0813164078699,164.1538651405503,Drama,Comedy,704
35,16,423.6640232070613,189.17072556467463,Drama,Comedy,704
35,17,425.45250739124157,213.18961518215838,Drama,Comedy,704
35,18,428.446768960411,236.21053399300152,Drama,Comedy,704
35,19,432.6468079145697,258.2334819972042,Drama,Comedy,704
35,20,438.0526242537174,279.2584591947663,Drama,Comedy,704
35,21,444.6642179778541,299.28546558568775,Drama,Comedy,704
35,22,452.4815890869799,318.31450116996865,Drama,Comedy,704
35,23,461.50473758109484,336.3455659476091,Drama,Comedy,704
35,24,471.73366346019884,353.37865991860895,Drama,Comedy,704
35,25,483.16836672429196,369.41378308296817,Drama,Comedy,704
35,26,495.80884737337414,384.45093544068686,Drama,Comedy,704
35,27,509.6551054074454,398.49011699176503,Drama,Comedy,704
35,28,524.7071408265058,411.5313277362026,Drama,Comedy,704
35,29,540.9649536305551,423.5745676739997,Drama,Comedy,704
35,30,558.4285438195936,434.6198368051561,Drama,Comedy,704
35,31,577.0979113936213,444.66713512967203,Drama,Comedy,704
35,32,596.9730563526379,453.71646264754736,Drama,Comedy,704
35,33,618.0539786966438,461.76781935878216,Drama,Comedy,704
35,34,640.3406784256385,468.8212052633764,Drama,Comedy,704
35,35,640.8018608992154,467.1897595432142,Drama,Comedy,704
35,36,641.2519691671738,465.5552238418956,Drama,Comedy,704
35,37,641.690982529543,463.9176733298714,Drama,Comedy,704
35,38,642.1188807965943,462.27718331624,Drama,Comedy,704
35,39,642.5356442897696,460.6338292452845,Drama,Comedy,704
35,40,642.9412538425868,458.9876866930026,Drama,Comedy,704
35,41,643.3356908015203,457.338831363631,Drama,Comedy,704
35,42,643.71893702686,455.68733908616423,Drama,Comedy,704
35,43,644.090974893545,454.0332858108668,Drama,Comedy,704
35,44,644.4517872919737,452.3767476057807,Drama,Comedy,704
35,45,644.8013576287916,450.71780065322713,Drama,Comedy,704
35,46,645.1396698276536,449.0565212463028,Drama,Comedy,704
35,47,645.4667083299639,447.39298578537137,Drama,Comedy,704
35,48,622.6455404353414,442.329238807593,Drama,Comedy,704
35,49,600.9376002428957,436.16523326194795,Drama,Comedy,704
35,50,580.3428877526266,428.90096914843616,Drama,Comedy,704
35,51,560.8614029645341,420.5364464670574,Drama,Comedy,704
35,52,542.4931458786184,411.07166521781187,Drama,Comedy,704
35,53,525.2381164948796,400.5066254006997,Drama,Comedy,704
35,54,509.09631481331735,388.84132701572065,Drama,Comedy,704
35,55,494.06774083393174,376.07577006287477,Drama,Comedy,704
35,56,480.15239455672287,362.20995454216205,Drama,Comedy,704
35,57,467.3502759816908,347.2438804535826,Drama,Comedy,704
35,58,455.66138510883536,331.1775477971364,Drama,Comedy,704
35,59,445.08572193815667,314.0109565728233,Drama,Comedy,704
35,60,435.62328646965466,295.74410678064345,Drama,Comedy,704
35,61,427.27407870332934,276.3769984205968,Drama,Comedy,704
35,62,420.0380986391807,255.9096314926834,Drama,Comedy,704
35,63,413.91534627720887,234.34200599690314,Drama,Comedy,704
35,64,408.9058216174136,211.67412193325606,Drama,Comedy,704
35,65,405.0095246597952,187.90597930174232,Drama,Comedy,704
35,66,402.2264554043535,163.0375781023617,Drama,Comedy,704
35,67,400.5566138510884,137.06891833511426,Drama,Comedy,704
36,0,616.1667659689263,593.3182073435802,Thriller,Horror,352
36,1,615.5100286810011,594.0500645140683,Thriller,Horror,352
36,2,614.8508136202493,594.7796906423175,Thriller,Horror,352
36,3,614.1891283658313,595.5070773396335,Thriller,Horror,352
36,4,613.5249805253087,596.2322162430689,Thriller,Horror,352
36,5,612.8583777345557,596.9550990155199,Thriller,Horror,352
36,6,612.1893276576715,597.675717345822,Thriller,Horror,352
36,7,611.5178379868927,598.3940629488459,Thriller,Horror,352
36,8,610.8439164425043,599.1101275655918,Thriller,Horror,352
36,9,610.1675707727514,599.8239029632855,Thriller,Horror,352
36,10,609.4888087537496,600.5353809354722,Thriller,Horror,352
36,11,608.8076381893961,601.2445533021112,Thriller,Horror,352
36,12,608.1240669112794,601.9514119096702,Thriller,Horror,352
36,13,607.4381027785901,602.6559486312185,Thriller,Horror,352
36,14,587.7669526008154,583.3992978472774,Thriller,Horror,352
36,15,568.2655216443666,564.2304785680672,Thriller,Horror,352
36,16,548.9338099092429,545.1494907935877,Thriller,Horror,352
36,17,529.7718173954446,526.1563345238388,Thriller,Horror,352
36,18,510.77954410297156,507.25100975882077,Thriller,Horror,352
36,19,491.95699003182415,488.4335164985338,Thriller,Horror,352
36,20,473.30415518200203,469.70385474297746,Thriller,Horror,352
36,21,454.8210395535052,451.06202449215186,Thriller,Horror,352
36,22,436.50764314633386,432.5080257460571,Thriller,Horror,352
36,23,418.3639659604879,414.0418585046932,Thriller,Horror,352
36,24,400.3900079959674,395.6635227680601,Thriller,Horror,352
36,25,382.5857692527721,377.3730185361577,Thriller,Horror,352
36,26,364.95124973090225,359.1703458089862,Thriller,Horror,352
36,27,347.4864494303579,341.05550458654545,Thriller,Horror,352
36,28,330.19136835113886,323.02849486883554,Thriller,Horror,352
36,29,313.06600649324514,305.0893166558564,Thriller,Horror,352
36,30,296.1103638566768,287.237969947608,Thriller,Horror,352
36,31,279.32444044143404,269.4744547440905,Thriller,Horror,352
36,32,262.70823624751654,251.7987710453038,Thriller,Horror,352
36,33,246.2617512749244,234.2109188512478,Thriller,Horror,352
36,34,229.98498552365763,216.71089816192264,Thriller,Horror,352
36,35,229.36447448704638,217.28843103700808,Thriller,Horror,352
36,36,228.74592528984925,217.8680645928065,Thriller,Horror,352
36,37,228.12934504368135,218.44979216512567,Thriller,Horror,352
36,38,227.5147408375205,219.03360706569774,Thriller,Horror,352
36,39,226.90211973762513,219.61950258225662,Thriller,Horror,352
36,40,226.29148878745372,220.20747197861454,Thriller,Horror,352
36,41,225.68285500758333,220.79750849474001,Thriller,Horror,352
36,42,225.07622539562914,221.38960534683525,Thriller,Horror,352
36,43,224.4716069261639,221.98375572741435,Thriller,Horror,352
36,44,223.86900655063775,222.57995280538134,Thriller,Horror,352
36,45,223.26843119729818,223.17818972610908,Thriller,Horror,352
36,46,222.6698877711106,223.7784596115177,Thriller,Horror,352
36,47,222.07338315367892,224.3807555601538,Thriller,Horror,352
36,48,239.10548759056798,241.14653159048774,Thriller,Horror,352
36,49,256.3110167400313,257.99257502628086,Thriller,Horror,352
36,50,273.68997060206874,274.91888586753305,Thriller,Horror,352
36,51,291.2423491766803,291.9254641142443,Thriller,Horror,352
36,52,308.96815246386603,309.01230976641466,Thriller,Horror,352
36,53,326.8673804636261,326.1794228240442,Thriller,Horror,352
36,54,344.94003317596025,343.4268032871329,Thriller,Horror,352
36,55,363.18611060086846,360.75445115568056,Thriller,Horror,352
36,56,381.60561273835094,378.1623664296874,Thriller,Horror,352
36,57,400.19853958840764,395.6505491091533,Thriller,Horror,352
36,58,418.96489115103844,413.2189991940784,Thriller,Horror,352
36,59,437.90466742624346,430.86771668446255,Thriller,Horror,352
36,60,457.01786841402264,448.5967015803059,Thriller,Horror,352
36,61,476.304494114376,466.4059538816083,Thriller,Horror,352
36,62,495.7645445273034,484.29547358836976,Thriller,Horror,352
36,63,515.3980196528051,502.2652607005904,Thriller,Horror,352
36,64,535.204919490881,520.3153152182701,Thriller,Horror,352
36,65,555.1852440415311,538.445637141409,Thriller,Horror,352
36,66,575.3389933047553,556.6562264700069,Thriller,Horror,352
36,67,595.6661672805537,574.947083204064,Thriller,Horror,352
37,0,121.1005808765031,479.46769162732755,Crime,Action,154
37,1,120.98300081350726,479.0538687539371,Crime,Action,154
37,2,120.86603476852997,478.63987191086017,Crime,Action,154
37,3,120.74968299897233,478.2257020091578,Crime,Action,154
37,4,120.63394576088348,477.81135996027194,Crime,Action,154
37,5,120.51882330896035,477.3968466760234,Crime,Action,154
37,6,120.40431589654685,476.98216306860974,Crime,Action,154
37,7,120.29042377563331,476.5673100506032,Crime,Action,154
37,8,120.17714719685625,476.1522885349491,Crime,Action,154
37,9,120.06448640949736,475.7370994349634,Crime,Action,154
37,10,119.95244166148342,475.32174366433065,Crime,Action,154
37,11,119.84101319938532,474.9062221371029,Crime,Action,154
37,12,119.73020126841783,474.49053576769614,Crime,Action,154
37,13,119.62000611243894,474.0746854708896,Crime,Action,154
37,14,145.40550917844405,467.6799454998329,Crime,Action,154
37,15,169.35630525501932,462.60518948587986,Crime,Action,154
37,16,191.47239434216462,458.8504174290306,Crime,Action,154
37,17,211.75377643987994,456.4156293292848,Crime,Action,154
37,18,230.20045154816538,455.3008251866427,Crime,Action,154
37,19,246.81241966702095,455.5060050011045,Crime,Action,154
37,20,261.58968079644654,457.0311687726699,Crime,Action,154
37,21,274.5322349364422,459.8763165013388,Crime,Action,154
37,22,285.6400820870079,464.0414481871115,Crime,Action,154
37,23,294.91322224814377,469.52656382998794,Crime,Action,154
37,24,302.35165541984975,476.3316634299679,Crime,Action,154
37,25,307.9553816021257,484.4567469870516,Crime,Action,154
37,26,311.72440079497176,493.90181450123896,Crime,Action,154
37,27,313.65871299838795,504.66686597253005,Crime,Action,154
37,28,313.7583182123741,516.7519014009247,Crime,Action,154
37,29,312.0232164369304,530.1569207864231,Crime,Action,154
37,30,308.45340767205676,544.8819241290252,Crime,Action,154
37,31,303.0488919177533,560.9269114287309,Crime,Action,154
37,32,295.8096691740198,578.2918826855403,Crime,Action,154
37,33,286.7357394408564,596.9768378994534,Crime,Action,154
37,34,275.82710271826306,616.9817770704701,Crime,Action,154
37,35,276.1491225917714,617.1657435352361,Crime,Action,154
37,36,276.47141501738434,617.349232094785,Crime,Action,154
37,37,276.7939792858499,617.5322423453232,Crime,Action,154
37,38,277.116814687318,617.7147738841098,Crime,Action,154
37,39,277.4399205113416,617.8968263094572,Crime,Action,154
37,40,277.7632960468788,618.0783992207321,Crime,Action,154
37,41,278.08694058229406,618.2594922183566,Crime,Action,154
37,42,278.4108534053599,618.440104903809,Crime,Action,154
37,43,278.7350338032584,618.6202368796245,Crime,Action,154
37,44,279.059481062583,618.799887749396,Crime,Action,154
37,45,279.38419446933943,618.9790571177753,Crime,Action,154
37,46,279.70917330894815,619.1577445904738,Crime,Action,154
37,47,280.03441686624535,619.3359497742634,Crime,Action,154
37,48,290.5552547106001,599.1243709780788,Crime,Action,154
37,49,299.267180980092,580.2679107370031,Crime,Action,154
37,50,306.1701956747211,562.7665690510371,Crime,Action,154
37,51,311.2642987944874,546.6203459201801,Crime,Action,154
37,52,314.54949033939084,531.8292413444321,Crime,Action,154
37,53,316.02577030943155,518.3932553237938,Crime,Action,154
37,54,315.6931387046094,506.31238785826463,Crime,Action,154
37,55,313.55159552492444,495.58663894784456,Crime,Action,154
37,56,309.60114077037656,486.21600859253385,Crime,Action,154
37,57,303.84177444096593,478.2004967923325,Crime,Action,154
37,58,296.27349653669256,471.54010354724034,Crime,Action,154
37,59,286.89630705755627,466.23482885725736,Crime,Action,154
37,60,275.7102060035572,462.2846727223837,Crime,Action,154
37,61,262.71519337469533,459.6896351426193,Crime,Action,154
37,62,247.91126917097063,458.44971611796416,Crime,Action,154
37,63,231.2984333923831,458.5649156484182,Crime,Action,154
37,64,212.8766860389327,460.0352337339816,Crime,Action,154
37,65,192.64602711061957,462.8606703746542,Crime,Action,154
37,66,170.6064566074436,467.04122557043604,Crime,Action,154
37,67,146.75797452940475,472.5768993213272,Crime,Action,154
38,0,330.392066292546,118.47782402627905,Family,Romance,51
38,1,330.53037951208455,118.44366135839704,Family,Romance,51
38,2,330.66870949819827,118.40956664447071,Family,Romance,51
38,3,330.807056217501,118.37553989272891,Family,Romance,51
38,4,330.94541963660237,118.34158111138402,Family,Romance,51
38,5,331.0837997221087,118.307690308632,Family,Romance,51
38,6,331.22219644062164,118.27386749265241,Family,Romance,51
38,7,331.36060975873886,118.24011267160853,Family,Romance,51
38,8,331.4990396430542,118.20642585364703,Family,Romance,51
38,9,331.6374860601574,118.1728070468983,Family,Romance,51
38,10,331.7759489766341,118.13925625947633,Family,Romance,51
38,11,331.91442835906645,118.10577349947852,Family,Romance,51
38,12,332.0529241740322,118.07235877498607,Family,Romance,51
38,13,332.1914363881051,118.0390120940636,Family,Romance,51
38,14,337.98650392669845,144.50238086261712,Family,Romance,51
38,15,342.4557896640223,170.18563232905169,Family,Romance,51
38,16,345.5992936000767,195.0887664933674,Family,Romance,51
38,17,347.4170157348615,219.2117833555641,Family,Romance,51
38,18,347.9089560683768,242.55468291564188,Family,Romance,51
38,19,347.0751146006227,265.1174651736008,Family,Romance,51
38,20,344.9154913315992,286.90013012944075,Family,Romance,51
38,21,341.43008626130603,307.9026777831618,Family,Romance,51
38,22,336.6188993897434,328.1251081347639,Family,Romance,51
38,23,330.4819307169113,347.56742118424705,Family,Romance,51
38,24,323.01918024280974,366.22961693161125,Family,Romance,51
38,25,314.23064796743864,384.1116953768566,Family,Romance,51
38,26,304.11633389079805,401.213656519983,Family,Romance,51
38,27,292.676238012888,417.53550036099045,Family,Romance,51
38,28,279.91036033370847,433.07722689987895,Family,Romance,51
38,29,265.81870085325943,447.8388361366485,Family,Romance,51
38,30,250.40125957154083,461.8203280712992,Family,Romance,51
38,31,233.65803648855285,475.0217027038309,Family,Romance,51
38,32,215.58903160429534,487.4429600342437,Family,Romance,51
38,33,196.19424491876828,499.0841000625376,Family,Romance,51
38,34,175.47367643197174,509.9451227887125,Family,Romance,51
38,35,175.5277168219213,510.0554137006465,Family,Romance,51
38,36,175.58181138852223,510.1656780505761,Family,Romance,51
38,37,175.6359601187186,510.27591581188875,Family,Romance,51
38,38,175.69016299944175,510.38612695797866,Family,Romance,51
38,39,175.7444200176096,510.4963114622461,Family,Romance,51
38,40,175.79873116012723,510.606469298098,Family,Romance,51
38,41,175.8530964138865,510.71660043894747,Family,Romance,51
38,42,175.9075157657664,510.8267048582144,Family,Romance,51
38,43,175.96198920263265,510.9367825293249,Family,Romance,51
38,44,176.0165167113381,511.0468334257115,Family,Romance,51
38,45,176.07109827872242,511.1568575208134,Family,Romance,51
38,46,176.12573389161236,511.26685478807616,Family,Romance,51
38,47,176.18042353682145,511.37682520095177,Family,Romance,51
38,48,196.8312051723835,500.38369139321304,Family,Romance,51
38,49,216.151249800369,488.61892334160706,Family,Romance,51
38,50,234.14055742077795,476.08252104613365,Family,Romance,51
38,51,250.79912803361026,462.77448450679253,Family,Romance,51
38,52,266.126961638866,448.6948137235841,Family,Romance,51
38,53,280.12405823654535,433.8435086965084,Family,Romance,51
38,54,292.790417826648,418.2205694255652,Family,Romance,51
38,55,304.1260404091741,401.82599591075444,Family,Romance,51
38,56,314.13092598412356,384.65978815207626,Family,Romance,51
38,57,322.8050745514966,366.7219461495308,Family,Romance,51
38,58,330.148486111293,348.01246990311785,Family,Romance,51
38,59,336.1611606635128,328.5313594128374,Family,Romance,51
38,60,340.8430982081561,308.27861467868945,Family,Romance,51
38,61,344.19429874522285,287.25423570067426,Family,Romance,51
38,62,346.214762274713,265.4582224787915,Family,Romance,51
38,63,346.90448879662654,242.89057501304137,Family,Romance,51
38,64,346.2634783109636,219.55129330342373,Family,Romance,51
38,65,344.29173081772404,195.44037734993876,Family,Romance,51
38,66,340.98924631690795,170.55782715258636,Family,Romance,51
38,67,336.35602480851526,144.90364271136642,Family,Romance,51
39,0,225.60522282199972,168.29660836958897,Science Fiction,Thriller,201
39,1,226.0541739402833,167.95937942592295,Science Fiction,Thriller,201
39,2,226.50377715988992,167.62302037375807,Science Fiction,Thriller,201
39,3,226.95403079531326,167.28753247406232,Science Fiction,Thriller,201
39,4,227.4049331586081,166.95291698453838,Science Fiction,Thriller,201
39,5,227.8564825593972,166.6191751596184,Science Fiction,Thriller,201
39,6,228.30867730487824,166.28630825045875,Science Fiction,Thriller,201
39,7,228.76151569982912,165.95431750493637,Science Fiction,Thriller,201
39,8,229.2149960466148,165.62320416764334,Science Fiction,Thriller,201
39,9,229.66911664519353,165.29296947988263,Science Fiction,Thriller,201
39,10,230.1238757931239,164.96361467966284,Science Fiction,Thriller,201
39,11,230.57927178557014,164.6351410016944,Science Fiction,Thriller,201
39,12,231.03530291530885,164.30754967738451,Science Fiction,Thriller,201
39,13,231.49196747273643,163.98084193483214,Science Fiction,Thriller,201
39,14,247.3071160347847,186.47066360067348,Science Fiction,Thriller,201
39,15,262.65579362049857,208.9840984905465,Science Fiction,Thriller,201
39,16,277.53800022987775,231.5211466044512,Science Fiction,Thriller,201
39,17,291.9537358629224,254.08180794238754,Science Fiction,Thriller,201
39,18,305.90300051963254,276.66608250435553,Science Fiction,Thriller,201
39,19,319.38579420000815,299.2739702903553,Science Fiction,Thriller,201
39,20,332.40211690404925,321.9054713003867,Science Fiction,Thriller,201
39,21,344.9519686317557,344.5605855344496,Science Fiction,Thriller,201
39,22,357.03534938312765,367.23931299254434,Science Fiction,Thriller,201
39,23,368.6522591581651,389.9416536746707,Science Fiction,Thriller,201
39,24,379.802697956868,412.66760758082876,Science Fiction,Thriller,201
39,25,390.4866657792363,435.41717471101845,Science Fiction,Thriller,201
39,26,400.7041626252702,458.19035506523994,Science Fiction,Thriller,201
39,27,410.45518849496943,480.98714864349296,Science Fiction,Thriller,201
39,28,419.73974338833415,503.8075554457776,Science Fiction,Thriller,201
39,29,428.5578273053643,526.651575472094,Science Fiction,Thriller,201
39,30,436.90944024605994,549.5192087224422,Science Fiction,Thriller,201
39,31,444.794582210421,572.4104551968219,Science Fiction,Thriller,201
39,32,452.2132531984476,595.3253148952333,Science Fiction,Thriller,201
39,33,459.1654532101396,618.2637878176763,Science Fiction,Thriller,201
39,34,465.6511822454971,641.2258739641511,Science Fiction,Thriller,201
39,35,466.1181208477132,641.0983079483703,Science Fiction,Thriller,201
39,36,466.5848115812963,640.9698380849422,Science Fiction,Thriller,201
39,37,467.05125269668105,640.8404648554845,Science Fiction,Thriller,201
39,38,467.5174424452374,640.7101887450011,Science Fiction,Thriller,201
39,39,467.98337907927777,640.5790102418813,Science Fiction,Thriller,201
39,40,468.4490608520636,640.4469298378968,Science Fiction,Thriller,201
39,41,468.9144860178117,640.3139480282009,Science Fiction,Thriller,201
39,42,469.37965283170087,640.1800653113256,Science Fiction,Thriller,201
39,43,469.84455954987834,640.0452821891809,Science Fiction,Thriller,201
39,44,470.3092044294666,639.9095991670519,Science Fiction,Thriller,201
39,45,470.77358572856957,639.7730167535972,Science Fiction,Thriller,201
39,46,471.2377017062794,639.6355354608477,Science Fiction,Thriller,201
39,47,471.7015506226828,639.4971558042033,Science Fiction,Thriller,201
39,48,464.6399670564515,616.7055758051041,Science Fiction,Thriller,201
39,49,457.11265457160204,593.9493416752739,Science Fiction,Thriller,201
39,50,449.1196131681344,571.2284534147125,Science Fiction,Thriller,201
39,51,440.66084284604835,548.5429110234198,Science Fiction,Thriller,201
39,52,431.73634360534413,525.8927145013962,Science Fiction,Thriller,201
39,53,422.3461154460218,503.27786384864163,Science Fiction,Thriller,201
39,54,412.4901583680813,480.6983590651559,Science Fiction,Thriller,201
39,55,402.1684723715224,458.1542001509389,Science Fiction,Thriller,201
39,56,391.38105745634533,435.64538710599084,Science Fiction,Thriller,201
39,57,380.12791362255007,413.17191993031173,Science Fiction,Thriller,201
39,58,368.4090408701366,390.73379862390163,Science Fiction,Thriller,201
39,59,356.2244391991049,368.33102318676026,Science Fiction,Thriller,201
39,60,343.57410860945504,345.96359361888784,Science Fiction,Thriller,201
39,61,330.4580491011869,323.63150992028443,Science Fiction,Thriller,201
39,62,316.8762606743005,301.3347720909498,Science Fiction,Thriller,201
39,63,302.8287433287959,279.07338013088406,Science Fiction,Thriller,201
39,64,288.3154970646731,256.8473340400872,Science Fiction,Thriller,201
39,65,273.33652188193213,234.65663381855933,Science Fiction,Thriller,201
39,66,257.8918177805729,212.50127946630033,Science Fiction,Thriller,201
39,67,241.9813847605954,190.38127098331023,Science Fiction,Thriller,201
40,0,220.3986600762794,172.30863279956313,Science Fiction,Drama,121
40,1,220.66417319292643,172.09944883036525,Science Fiction,Drama,121
40,2,220.92992994859165,171.8905744784234,Science Fiction,Drama,121
40,3,221.19592998222817,171.68201002750627,Science Fiction,Drama,121
40,4,221.4621729324578,171.47375576096212,Science Fiction,Drama,121
40,5,221.72865843757313,171.26581196171716,Science Fiction,Drama,121
40,6,221.99538613553662,171.0581789122763,Science Fiction,Drama,121
40,7,222.26235566398162,170.85085689472228,Science Fiction,Drama,121
40,8,222.5295666602137,170.64384619071484,Science Fiction,Drama,121
40,9,222.79701876120964,170.43714708149116,Science Fiction,Drama,121
40,10,223.06471160361872,170.23075984786522,Science Fiction,Drama,121
40,11,223.33264482376376,170.0246847702267,Science Fiction,Drama,121
40,12,223.60081805764017,169.81892212854194,Science Fiction,Drama,121
40,13,223.86923094091816,169.6134722023521,Science Fiction,Drama,121
40,14,240.75266162327912,190.7819580680255,Science Fiction,Drama,121
40,15,257.85423575434646,210.40426751311287,Science Fiction,Drama,121
40,16,275.1739533341202,228.48040053761412,Science Fiction,Drama,121
40,17,292.7118143626002,245.01035714152923,Science Fiction,Drama,121
40,18,310.4678188397866,259.9941373248583,Science Fiction,Drama,121
40,19,328.4419667656794,273.43174108760127,Science Fiction,Drama,121
40,20,346.6342581402786,285.3231684297582,Science Fiction,Drama,121
40,21,365.04469296358405,295.6684193513289,Science Fiction,Drama,121
40,22,383.67327123559585,304.46749385231357,Science Fiction,Drama,121
40,23,402.5199929563141,311.7203919327122,Science Fiction,Drama,121
40,24,421.58485812573866,317.42711359252473,Science Fiction,Drama,121
40,25,440.8678667438696,321.5876588317511,Science Fiction,Drama,121
40,26,460.36901881070696,324.2020276503914,Science Fiction,Drama,121
40,27,480.0883143262506,325.2702200484457,Science Fiction,Drama,121
40,28,500.0257532905006,324.79223602591384,Science Fiction,Drama,121
40,29,520.181335703457,322.76807558279586,Science Fiction,Drama,121
40,30,540.5550615651198,319.19773871909183,Science Fiction,Drama,121
40,31,561.1469308754888,314.0812254348017,Science Fiction,Drama,121
40,32,581.9569436345643,307.4185357299255,Science Fiction,Drama,121
40,33,602.9850998423461,299.20966960446316,Science Fiction,Drama,121
40,34,624.2313994988343,289.45462705841476,Science Fiction,Drama,121
40,35,624.1023983801967,289.19334388113873,Science Fiction,Drama,121
40,36,623.9730928043332,288.93221124168554,Science Fiction,Drama,121
40,37,623.8434829469132,288.6712294948204,Science Fiction,Drama,121
40,38,623.7135689840202,288.4103989951034,Science Fiction,Drama,121
40,39,623.5833510921503,288.14972009688927,Science Fiction,Drama,121
40,40,623.4528294482129,287.88919315432656,Science Fiction,Drama,121
40,41,623.3220042295296,287.6288185213577,Science Fiction,Drama,121
40,42,623.1908756138349,287.368596551718,Science Fiction,Drama,121
40,43,623.0594437792752,287.1085275989353,Science Fiction,Drama,121
40,44,622.927708904409,286.84861201632975,Science Fiction,Drama,121
40,45,622.7956711682064,286.58885015701304,Science Fiction,Drama,121
40,46,622.663330750049,286.32924237388795,Science Fiction,Drama,121
40,47,622.5306878297295,286.0697890196481,Science Fiction,Drama,121
40,48,601.4346344489071,296.14563319877277,Science Fiction,Drama,121
40,49,580.5332719882936,304.6721731684608,Science Fiction,Drama,121
40,50,559.8266004478886,311.64940892871215,Science Fiction,Drama,121
40,51,539.3146198276922,317.0773404795268,Science Fiction,Drama,121
40,52,518.9973301277045,320.95596782090473,Science Fiction,Drama,121
40,53,498.8747313479256,323.285290952846,Science Fiction,Drama,121
40,54,478.94682348835534,324.0653098753507,Science Fiction,Drama,121
40,55,459.21360654899354,323.2960245884185,Science Fiction,Drama,121
40,56,439.67508052984044,320.97743509204975,Science Fiction,Drama,121
40,57,420.33124543089616,317.1095413862443,Science Fiction,Drama,121
40,58,401.18210125216046,311.6923434710022,Science Fiction,Drama,121
40,59,382.22764799363335,304.72584134632336,Science Fiction,Drama,121
40,60,363.46788565531494,296.2100350122078,Science Fiction,Drama,121
40,61,344.90281423720523,286.14492446865563,Science Fiction,Drama,121
40,62,326.53243373930417,274.53050971566677,Science Fiction,Drama,121
40,63,308.35674416161174,261.3667907532412,Science Fiction,Drama,121
40,64,290.37574550412796,246.65376758137893,Science Fiction,Drama,121
40,65,272.5894377668528,230.39144020008004,Science Fiction,Drama,121
40,66,254.9978209497864,212.57980860934444,Science Fiction,Drama,121
40,67,237.6008950529286,193.21887280917213,Science Fiction,Drama,121
41,0,315.2684847772052,677.3455792473521,Action,Horror,229
41,1,314.6568888894184,677.1579935451383,Action,Horror,229
41,2,314.0457082886443,676.9690591679857,Action,Horror,229
41,3,313.4349459489407,676.7787770352654,Action,Horror,229
41,4,312.8246048423306,676.587148072907,Action,Horror,229
41,5,312.2146879387867,676.3941732133935,Action,Horror,229
41,6,311.60519820621806,676.1998533957576,Action,Horror,229
41,7,310.99613861045464,676.0041895655763,Action,Horror,229
41,8,310.3875121152335,675.807182674967,Action,Horror,229
41,9,309.7793216821842,675.6088336825821,Action,Horror,229
41,10,309.1715702708145,675.4091435536054,Action,Horror,229
41,11,308.5642608384955,675.2081132597461,Action,Horror,229
41,12,307.9573963404479,675.0057437792357,Action,Horror,229
41,13,307.35097972972716,674.8020360968211,Action,Horror,229
41,14,315.59116153577634,648.8270427410308,Action,Horror,229
41,15,322.6642745214911,623.2453076444834,Action,Horror,229
41,16,328.57031868687125,598.0568308071786,Action,Horror,229
41,17,333.3092940319168,573.2616122291163,Action,Horror,229
41,18,336.88120055662796,548.8596519102966,Action,Horror,229
41,19,339.28603826100465,524.8509498507199,Action,Horror,229
41,20,340.5238071450468,501.23550605038577,Action,Horror,229
41,21,340.59450720875435,478.01332050929415,Action,Horror,229
41,22,339.4981384521274,455.18439322744524,Action,Horror,229
41,23,337.23470087516597,432.7487242048391,Action,Horror,229
41,24,333.80419447787006,410.7063134414756,Action,Horror,229
41,25,329.20661926023956,389.05716093735475,Action,Horror,229
41,26,323.44197522227455,367.80126669247653,Action,Horror,229
41,27,316.5102623639751,346.938630706841,Action,Horror,229
41,28,308.4114806853411,326.4692529804482,Action,Horror,229
41,29,299.1456301863725,306.3931335132979,Action,Horror,229
41,30,288.7127108670694,286.7102723053904,Action,Horror,229
41,31,277.1127227274319,267.42066935672557,Action,Horror,229
41,32,264.3456657674599,248.5243246673034,Action,Horror,229
41,33,250.41153998715325,230.02123823712387,Action,Horror,229
41,34,235.3103453865121,211.91141006618696,Action,Horror,229
41,35,234.89583778059966,212.27515982739538,Action,Horror,229
41,36,234.48213358592216,212.63982307402813,Action,Horror,229
41,37,234.06923481560028,213.005398031602,Action,Horror,229
41,38,233.65714347883537,213.37188292119745,Action,Horror,229
41,39,233.2458615808998,213.73927595946705,Action,Horror,229
41,40,232.8353911231271,214.10757535864434,Action,Horror,229
41,41,232.42573410290234,214.47677932655222,Action,Horror,229
41,42,232.01689251365212,214.84688606661217,Action,Horror,229
41,43,231.6088683448353,215.21789377785254,Action,Horror,229
41,44,231.20166358193305,215.58980065491747,Action,Horror,229
41,45,230.79528020643914,215.96260488807565,Action,Horror,229
41,46,230.38972019585054,216.33630466322927,Action,Horror,229
41,47,229.98498552365763,216.71089816192264,Action,Horror,229
41,48,245.59923513433162,234.38028309300773,Action,Horror,229
41,49,260.0581716851456,252.47622801234348,Action,Horror,229
41,50,273.3617951760996,270.99873291993,Action,Horror,229
41,51,285.5101056071935,289.94779781576705,Action,Horror,229
41,52,296.50310297842736,309.3234226998548,Action,Horror,229
41,53,306.34078728980126,329.12560757219336,Action,Horror,229
41,54,315.0231585413151,349.35435243278255,Action,Horror,229
41,55,322.55021673296886,370.0096572816223,Action,Horror,229
41,56,328.9219618647626,391.0915221187128,Action,Horror,229
41,57,334.13839393669633,412.59994694405407,Action,Horror,229
41,58,338.19951294877006,434.53493175764595,Action,Horror,229
41,59,341.10531890098366,456.8964765594885,Action,Horror,229
41,60,342.85581179333735,479.6845813495818,Action,Horror,229
41,61,343.45099162583097,502.89924612792566,Action,Horror,229
41,62,342.8908583984645,526.5404708945202,Action,Horror,229
41,63,341.175412111238,550.6082556493656,Action,Horror,229
41,64,338.30465276415146,575.1026003924615,Action,Horror,229
41,65,334.278580357205,600.0235051238081,Action,Horror,229
41,66,329.09719489039844,625.3709698434054,Action,Horror,229
41,67,322.7604963637318,651.1449945512535,Action,Horror,229
42,0,532.9473719049062,142.26952779390137,Drama,Horror,280
42,1,533.642037185026,142.6290500133394,Drama,Horror,280
42,2,534.3357302374764,142.9904445714829,Drama,Horror,280
42,3,535.0284460157344,143.35370883923554,Drama,Horror,280
42,4,535.7201794803872,143.71884017389908,Drama,Horror,280
42,5,536.4109255991674,144.0858359191926,Drama,Horror,280
42,6,537.100679346991,144.45469340527197,Drama,Horror,280
42,7,537.7894357059932,144.82540994874913,Drama,Horror,280
42,8,538.477189665565,145.19798285271145,Drama,Horror,280
42,9,539.1639362223897,145.5724094067417,Drama,Horror,280
42,10,539.8496703804794,145.94868688693762,Drama,Horror,280
42,11,540.5343871512113,146.32681255593158,Drama,Horror,280
42,12,541.2180815533637,146.70678366291077,Drama,Horror,280
42,13,541.9007486131529,147.08859744363684,Drama,Horror,280
42,14,528.2908436289176,170.21821829550234,Drama,Horror,280
42,15,514.4898426977645,191.43348036417262,Drama,Horror,280
42,16,500.4977458196938,210.73438364964767,Drama,Horror,280
42,17,486.31455299470514,228.1209281519274,Drama,Horror,280
42,18,471.9402642227988,243.5931138710119,Drama,Horror,280
42,19,457.37487950397485,257.1509408069012,Drama,Horror,280
42,20,442.6183988382332,268.79440895959516,Drama,Horror,280
42,21,427.67082222557366,278.52351832909386,Drama,Horror,280
42,22,412.53214966599637,286.3382689153973,Drama,Horror,280
42,23,397.2023811595015,292.23866071850557,Drama,Horror,280
42,24,381.6815167060888,296.2246937384185,Drama,Horror,280
42,25,365.9695563057584,298.29636797513626,Drama,Horror,280
42,26,350.0664999585102,298.4536834286587,Drama,Horror,280
42,27,333.9723476643443,296.6966400989859,Drama,Horror,280
42,28,317.6870994232607,293.0252379861178,Drama,Horror,280
42,29,301.2107552352593,287.43947709005454,Drama,Horror,280
42,30,284.5433151003402,279.9393574107959,Drama,Horror,280
42,31,267.6847790185034,270.52487894834206,Drama,Horror,280
42,32,250.63514698974882,259.196041702693,Drama,Horror,280
42,33,233.3944190140765,245.95284567384863,Drama,Horror,280
42,34,215.9625950914864,230.795290861809,Drama,Horror,280
42,35,215.50688673065972,231.29229076243618,Drama,Horror,280
42,36,215.05252053217455,231.7905179887344,Drama,Horror,280
42,37,214.59949980148315,232.2899689161684,Drama,Horror,280
42,38,214.14782783424997,232.7906399113004,Drama,Horror,280
42,39,213.6975079163272,233.29252733181687,Drama,Horror,280
42,40,213.24854332373093,233.79562752655514,Drama,Horror,280
42,41,212.8009373226177,234.29993683552956,Drama,Horror,280
42,42,212.3546931692604,234.80545158995835,Drama,Horror,280
42,43,211.90981411002466,235.31216811229032,Drama,Horror,280
42,44,211.4663033813451,235.8200827162317,Drama,Horror,280
42,45,211.02416420970212,236.32919170677266,Drama,Horror,280
42,46,210.58339981159818,236.8394913802144,Drama,Horror,280
42,47,210.14401339353427,237.3509780241962,Drama,Horror,280
42,48,228.09649144970206,251.88811958610515,Drama,Horror,280
42,49,245.79088055030724,264.5187781812028,Drama,Horror,280
42,50,263.2271806953498,275.2429538094891,Drama,Horror,280
42,51,280.4053918848297,284.060646470964,Drama,Horror,280
42,52,297.3255141187469,290.9718561656275,Drama,Horror,280
42,53,313.9875473971017,295.9765828934798,Drama,Horror,280
42,54,330.39149171989374,299.07482665452073,Drama,Horror,280
42,55,346.53734708712307,300.2665874487502,Drama,Horror,280
42,56,362.42511349878987,299.55186527616837,Drama,Horror,280
42,57,378.054790954894,296.93066013677526,Drama,Horror,280
42,58,393.4263794554355,292.40297203057077,Drama,Horror,280
42,59,408.53987900041443,285.9688009575549,Drama,Horror,280
42,60,423.39528958983067,277.62814691772763,Drama,Horror,280
42,61,437.9926112236843,267.3810099110891,Drama,Horror,280
42,62,452.3318439019753,255.2273899376392,Drama,Horror,280
42,63,466.41298762470365,241.16728699737791,Drama,Horror,280
42,64,480.23604239186943,225.20070109030527,Drama,Horror,280
42,65,493.8010082034726,207.32763221642136,Drama,Horror,280
42,66,507.1078850595131,187.5480803757261,Drama,Horror,280
42,67,520.1566729599909,165.8620455682194,Drama,Horror,280
43,0,225.16776230461485,631.3734830580729,Romance,Drama,453
43,1,224.1597905603439,630.6083709326656,Romance,Drama,453
43,2,223.15516710554635,629.8388676410775,Romance,Drama,453
43,3,222.15391106992053,629.064987835929,Romance,Drama,453
43,4,221.15604151904324,628.2867462531757,Romance,Drama,453
43,5,220.16157745400736,627.5041577118295,Romance,Drama,453
43,6,219.17053781105926,626.7172371136753,Romance,Drama,453
43,7,218.18294146123893,625.9259994429874,Romance,Drama,453
43,8,217.1988072100201,625.1304597662445,Romance,Drama,453
43,9,216.21815379695272,624.3306332318426,Romance,Drama,453
43,10,215.24099989530544,623.5265350698065,Romance,Drama,453
43,11,214.2673641117107,622.7181805915003,Romance,Drama,453
43,12,213.2972649858098,621.9055851893347,Romance,Drama,453
43,13,212.3307209899007,621.0887643364753,Romance,Drama,453
43,14,230.24497045014465,600.2119865754606,Romance,Drama,453
43,15,248.2411894956196,579.6937988803168,Romance,Drama,453
43,16,266.3193781263255,559.5342012510437,Romance,Drama,453
43,17,284.47953634226235,539.7331936876412,Romance,Drama,453
43,18,302.7216641434301,520.2907761901093,Romance,Drama,453
43,19,321.0457615298289,501.2069487584486,Romance,Drama,453
43,20,339.45182850145864,482.48171139265844,Romance,Drama,453
43,21,357.93986505831924,464.11506409273903,Romance,Drama,453
43,22,376.50987120041077,446.1070068586903,Romance,Drama,453
43,23,395.16184692773334,428.45753969051236,Romance,Drama,453
43,24,413.8957922402868,411.16666258820527,Romance,Drama,453
43,25,432.71170713807135,394.23437555176884,Romance,Drama,453
43,26,451.6095916210868,377.66067858120306,Romance,Drama,453
43,27,470.58944568933316,361.4455716765082,Romance,Drama,453
43,28,489.65126934281045,345.58905483768405,Romance,Drama,453
43,29,508.79506258151866,330.0911280647306,Romance,Drama,453
43,30,528.0208254054579,314.9517913576479,Romance,Drama,453
43,31,547.3285578146281,300.171044716436,Romance,Drama,453
43,32,566.7182598090292,285.74888814109477,Romance,Drama,453
43,33,586.1899313886613,271.68532163162433,Romance,Drama,453
43,34,605.7435725535244,257.9803451880246,Romance,Drama,453
43,35,605.1218875546105,257.0839013755492,Romance,Drama,453
43,36,604.4962966944656,256.190178922825,Romance,Drama,453
43,37,603.8668118853784,255.29919484781112,Romance,Drama,453
43,38,603.2334451137843,254.4109661163232,Romance,Drama,453
43,39,602.5962084400383,253.52550964171078,Romance,Drama,453
43,40,601.9551139981842,252.64284228453496,Romance,Drama,453
43,41,601.3101739957244,251.76298085224738,Romance,Drama,453
43,42,600.6614007133871,250.88594209887023,Romance,Drama,453
43,43,600.0088065048926,250.0117427246772,Romance,Drama,453
43,44,599.3524037967179,249.14039937587555,Romance,Drama,453
43,45,598.6922050878601,248.27192864428898,Romance,Drama,453
43,46,598.0282229495986,247.40634706704182,Romance,Drama,453
43,47,597.3604700252553,246.5436711262442,Romance,Drama,453
43,48,578.6153192118066,261.33524247971826,Romance,Drama,453
43,49,559.9723372524617,276.48017961180597,Romance,Drama,453
43,50,541.4315241472206,291.9784825225075,Romance,Drama,453
43,51,522.992879896083,307.8301512118225,Romance,Drama,453
43,52,504.6564044990492,324.0351856797513,Romance,Drama,453
43,53,486.4220979561192,340.5935859262938,Romance,Drama,453
43,54,468.2899602672929,357.50535195145,Romance,Drama,453
43,55,450.25999143257025,374.7704837552198,Romance,Drama,453
43,56,432.33219145195136,392.3889813376033,Romance,Drama,453
43,57,414.5065603254362,410.36084469860054,Romance,Drama,453
43,58,396.7830980530248,428.6860738382114,Romance,Drama,453
43,59,379.16180463471704,447.364668756436,Romance,Drama,453
43,60,361.64268007051305,466.3966294532743,Romance,Drama,453
43,61,344.22572436041276,485.78195592872623,Romance,Drama,453
43,62,326.9109375044162,505.5206481827918,Romance,Drama,453
43,63,309.6983195025233,525.6127062154711,Romance,Drama,453
43,64,292.58787035473415,546.058130026764,Romance,Drama,453
43,65,275.5795900610488,566.8569196166708,Romance,Drama,453
43,66,258.6734786214671,588.0090749851911,Romance,Drama,453
43,67,241.86953603598914,609.5145961323252,Romance,Drama,453
44,0,172.47530447231333,220.18756181778335,Horror,Science Fiction,316
44,1,173.02370298144206,219.49581558383926,Horror,Science Fiction,316
44,2,173.57420460753565,218.80574186556058,Horror,Science Fiction,316
44,3,174.12680424975602,218.1173470570325,Horror,Science Fiction,316
44,4,174.68149678782544,217.43063753678362,Horror,Science Fiction,316
44,5,175.238277082074,216.74561966772677,Horror,Science Fiction,316
44,6,175.7971399734866,216.06229979710076,Horror,Science Fiction,316
44,7,176.35808028375163,215.3806842564107,Horror,Science Fiction,316
44,8,176.92109281530836,214.70077936136985,Horror,Science Fiction,316
44,9,177.4861723513954,214.02259141184086,Horror,Science Fiction,316
44,10,178.0533136560986,213.34612669177784,Horror,Science Fiction,316
44,11,178.6225114744002,212.6713914691674,Horror,Science Fiction,316
44,12,179.19376053222715,211.99839199597108,Horror,Science Fiction,316
44,13,179.76705553649973,211.3271345080676,Horror,Science Fiction,316
44,14,200.04209383397531,228.3377580632775,Horror,Science Fiction,316
44,15,218.9180764476402,243.43194006377732,Horror,Science Fiction,316
44,16,236.3950033774944,256.609680509567,Horror,Science Fiction,316
44,17,252.47287462353773,267.87097940064655,Horror,Science Fiction,316
44,18,267.1516901857704,277.21583673701593,Horror,Science Fiction,316
44,19,280.43145006419235,284.64425251867533,Horror,Science Fiction,316
44,20,292.3121542588036,290.1562267456245,Horror,Science Fiction,316
44,21,302.793802769604,293.7517594178636,Horror,Science Fiction,316
44,22,311.87639559659374,295.43085053539244,Horror,Science Fiction,316
44,23,319.55993273977276,295.19350009821136,Horror,Science Fiction,316
44,24,325.84441419914106,293.03970810632006,Horror,Science Fiction,316
44,25,330.72983997469856,288.9694745597186,Horror,Science Fiction,316
44,26,334.21621006644534,282.98279945840704,Horror,Science Fiction,316
44,27,336.30352447438145,275.07968280238543,Horror,Science Fiction,316
44,28,336.9917831985067,265.2601245916536,Horror,Science Fiction,316
44,29,336.28098623882136,253.52412482621173,Horror,Science Fiction,316
44,30,334.17113359532516,239.87168350605967,Horror,Science Fiction,316
44,31,330.66222526801835,224.30280063119756,Horror,Science Fiction,316
44,32,325.7542612569007,206.81747620162528,Horror,Science Fiction,316
44,33,319.44724156197236,187.41571021734285,Horror,Science Fiction,316
44,34,311.74116618323325,166.09750267835028,Horror,Science Fiction,316
44,35,311.0295819269338,166.36724393205515,Horror,Science Fiction,316
44,36,310.3188220527311,166.6391499801428,Horror,Science Fiction,316
44,37,309.60889314638365,166.91321830318626,Horror,Science Fiction,316
44,38,308.899801785951,167.18944636172313,Horror,Science Fiction,316
44,39,308.19155454173153,167.4678315962797,Horror,Science Fiction,316
44,40,307.4841579762027,167.7483714273939,Horror,Science Fiction,316
44,41,306.77761864395984,168.03106325563974,Horror,Science Fiction,316
44,42,306.07194309165453,168.31590446165146,Horror,Science Fiction,316
44,43,305.36713785793563,168.60289240614733,Horror,Science Fiction,316
44,44,304.66320947338755,168.89202442995435,Horror,Science Fiction,316
44,45,303.9601644604695,169.18329785403324,Horror,Science Fiction,316
44,46,303.25800933345636,169.47670997950254,Horror,Science Fiction,316
44,47,302.55675059837665,169.77225808766434,Horror,Science Fiction,316
44,48,311.1001713011858,190.76891337161794,Horror,Science Fiction,316
44,49,318.16981447597107,209.90597600208156,Horror,Science Fiction,316
44,50,323.76568012273214,227.1834459790551,Horror,Science Fiction,316
44,51,327.887768241469,242.6013233025386,Horror,Science Fiction,316
44,52,330.53607883218194,256.15960797253206,Horror,Science Fiction,316
44,53,331.7106118948708,267.8582999890355,Horror,Science Fiction,316
44,54,331.41136742953563,277.69739935204905,Horror,Science Fiction,316
44,55,329.6383454361762,285.6769060615723,Horror,Science Fiction,316
44,56,326.3915459147927,291.79682011760565,Horror,Science Fiction,316
44,57,321.67096886538525,296.057141520149,Horror,Science Fiction,316
44,58,315.4766142879537,298.4578702692023,Horror,Science Fiction,316
44,59,307.80848218249804,298.99900636476553,Horror,Science Fiction,316
44,60,298.66657254901827,297.68054980683877,Horror,Science Fiction,316
44,61,288.0508853875144,294.502500595422,Horror,Science Fiction,316
44,62,275.96142069798657,289.4648587305151,Horror,Science Fiction,316
44,63,262.3981784804346,282.56762421211823,Horror,Science Fiction,316
44,64,247.36115873485844,273.8107970402313,Horror,Science Fiction,316
44,65,230.85036146125833,263.1943772148544,Horror,Science Fiction,316
44,66,212.86578665963413,250.71836473598745,Horror,Science Fiction,316
44,67,193.40743432998576,236.38275960363043,Horror,Science Fiction,316
45,0,141.73357821148443,268.0967954272659,Horror,Drama,159
45,1,141.93590694596685,267.7013836950691,Horror,Drama,159
45,2,142.1388410643051,267.3062823177363,Horror,Drama,159
45,3,142.34238009044293,266.9114922221223,Horror,Drama,159
45,4,142.5465235469049,266.517014334352,Horror,Drama,159
45,5,142.75127095479786,266.1228495798175,Horror,Drama,159
45,6,142.95662183381165,265.72899888317704,Horror,Drama,159
45,7,143.1625757022207,265.3354631683512,Horror,Drama,159
45,8,143.36913207688468,264.9422433585226,Horror,Drama,159
45,9,143.57629047324997,264.549340376132,Horror,Drama,159
45,10,143.78405040535074,264.1567551428775,Horror,Drama,159
45,11,143.99241138580987,263.7644885797114,Horror,Drama,159
45,12,144.20137292584036,263.3725416068387,Horror,Drama,159
45,13,144.41093453524655,262.98091514371447,Horror,Drama,159
45,14,168.67778798623206,275.46130577438873,Horror,Drama,159
45,15,192.7947168220928,286.80360436045237,Horror,Drama,159
45,16,216.7617210428287,297.0078109019055,Horror,Drama,159
45,17,240.5788006484397,306.073925398748,Horror,Drama,159
45,18,264.2459556389259,314.0019478509798,Horror,Drama,159
45,19,287.7631860142874,320.7918782586011,Horror,Drama,159
45,20,311.130491774524,326.4437166216118,Horror,Drama,159
45,21,334.34787291963573,330.95746294001185,Horror,Drama,159
45,22,357.4153294496226,334.3331172138013,Horror,Drama,159
45,23,380.33286136448476,336.5706794429802,Horror,Drama,159
45,24,403.10046866422203,337.6701496275484,Horror,Drama,159
45,25,425.71815134883445,337.6315277675061,Horror,Drama,159
45,26,448.1859094183221,336.4548138628532,Horror,Drama,159
45,27,470.50374287268494,334.14000791358967,Horror,Drama,159
45,28,492.6716517119229,330.6871099197155,Horror,Drama,159
45,29,514.689635936036,326.09611988123083,Horror,Drama,159
45,30,536.5576955450244,320.36703779813547,Horror,Drama,159
45,31,558.2758305388879,313.49986367042953,Horror,Drama,159
45,32,579.8440409176266,305.494597498113,Horror,Drama,159
45,33,601.2623266812404,296.3512392811859,Horror,Drama,159
45,34,622.5306878297295,286.0697890196481,Horror,Drama,159
45,35,622.3559288371671,285.7290898305231,Horror,Drama,159
45,36,622.1806482273275,285.38865870567383,Horror,Drama,159
45,37,622.0048464113956,285.04849644370626,Horror,Drama,159
45,38,621.8285238017789,284.7086038425955,Horror,Drama,159
45,39,621.6516808121067,284.36898169968424,Horror,Drama,159
45,40,621.4743178572289,284.02963081168053,Horror,Drama,159
45,41,621.2964353532154,283.6905519746563,Horror,Drama,159
45,42,621.1180337173548,283.35174598404495,Horror,Drama,159
45,43,620.9391133681532,283.01321363464024,Horror,Drama,159
45,44,620.7596747253342,282.6749557205937,Horror,Drama,159
45,45,620.5797182098366,282.33697303541317,Horror,Drama,159
45,46,620.3992442438143,281.99926637196086,Horror,Drama,159
45,47,620.2182532506354,281.6618365224515,Horror,Drama,159
45,48,599.1588092482214,292.36469706214933,Horror,Drama,159
45,49,577.9268111934815,301.93267611409084,Horror,Drama,159
45,50,556.5222590864155,310.3657736782759,Horror,Drama,159
45,51,534.9451529270235,317.6639897547046,Horror,Drama,159
45,52,513.1954927153055,323.8273243433769,Horror,Drama,159
45,53,491.27327845126166,328.85577744429287,Horror,Drama,159
45,54,469.17851013489184,332.7493490574525,Horror,Drama,159
45,55,446.91118776619584,335.5080391828556,Horror,Drama,159
45,56,424.47131134517394,337.13184782050234,Horror,Drama,159
45,57,401.85888087182616,337.6207749703928,Horror,Drama,159
45,58,379.0738963461523,336.97482063252687,Horror,Drama,159
45,59,356.1163577681524,335.19398480690444,Horror,Drama,159
45,60,332.9862651378266,332.2782674935257,Horror,Drama,159
45,61,309.68361845517484,328.2276686923906,Horror,Drama,159
45,62,286.208417720197,323.04218840349904,Horror,Drama,159
45,63,262.5606629328932,316.72182662685117,Horror,Drama,159
45,64,238.7403540932634,309.2665833624468,Horror,Drama,159
45,65,214.7474912013077,300.6764586102862,Horror,Drama,159
45,66,190.58207425702597,290.95145237036917,Horror,Drama,159
45,67,166.2441032604182,280.09156464269574,Horror,Drama,159
46,0,113.4951328357568,355.11168201859914,Adventure,Romance,81
46,1,113.53024462196038,354.8881473042158,Adventure,Romance,81
46,2,113.56553081274296,354.66464005421057,Adventure,Romance,81
46,3,113.60099138662207,354.44116040465605,Adventure,Romance,81
46,4,113.63662632200914,354.21770849160805,Adventure,Romance,81
46,5,113.67243559720936,353.9942844511055,Adventure,Romance,81
46,6,113.70841919042186,353.7708884191704,Adventure,Romance,81
46,7,113.7445770797396,353.54752053180744,Adventure,Romance,81
46,8,113.78090924314938,353.3241809250046,Adventure,Romance,81
46,9,113.81741565853196,353.1008697347325,Adventure,Romance,81
46,10,113.854096303662,352.8775870969442,Adventure,Romance,81
46,11,113.89095115620819,352.65433314757564,Adventure,Romance,81
46,12,113.92798019373294,352.43110802254523,Adventure,Romance,81
46,13,113.96518339369283,352.20791185775386,Adventure,Romance,81
46,14,140.050462088467,356.9037223771031,Adventure,Romance,81
46,15,163.82347596206438,361.8878990509138,Adventure,Romance,81
46,16,185.284225014485,367.1604418791856,Adventure,Romance,81
46,17,204.43270924572872,372.72135086191855,Adventure,Romance,81
46,18,221.26892865579566,378.5706259991128,Adventure,Romance,81
46,19,235.79288324468584,384.7082672907685,Adventure,Romance,81
46,20,248.00457301239922,391.1342747368853,Adventure,Romance,81
46,21,257.9039979589357,397.84864833746326,Adventure,Romance,81
46,22,265.4911580842954,404.85138809250253,Adventure,Romance,81
46,23,270.7660533884784,412.1424940020031,Adventure,Romance,81
46,24,273.7286838714846,419.7219660659649,Adventure,Romance,81
46,25,274.37904953331383,427.58980428438804,Adventure,Romance,81
46,26,272.7171503739663,435.74600865727234,Adventure,Romance,81
46,27,268.7429863934421,444.19057918461795,Adventure,Romance,81
46,28,262.456557591741,452.92351586642474,Adventure,Romance,81
46,29,253.8578639688631,461.9448187026927,Adventure,Romance,81
46,30,242.94690552480836,471.254487693422,Adventure,Romance,81
46,31,229.72368225957686,480.85252283861263,Adventure,Romance,81
46,32,214.18819417316854,490.7389241382644,Adventure,Romance,81
46,33,196.34044126558342,500.91369159237746,Adventure,Romance,81
46,34,176.18042353682145,511.37682520095177,Adventure,Romance,81
46,35,176.26739458515857,511.55142883122056,Adventure,Romance,81
46,36,176.35450184330534,511.72596454828164,Adventure,Romance,81
46,37,176.44174525823036,511.90043224587663,Adventure,Romance,81
46,38,176.52912477681926,512.0748318177885,Adventure,Romance,81
46,39,176.61664034587486,512.2491631578417,Adventure,Romance,81
46,40,176.70429191211716,512.4234261599023,Adventure,Romance,81
46,41,176.79207942218332,512.5976207178778,Adventure,Romance,81
46,42,176.88000282262772,512.7717467257175,Adventure,Romance,81
46,43,176.96806205992206,512.9458040774124,Adventure,Romance,81
46,44,177.05625708045534,513.1197926669952,Adventure,Romance,81
46,45,177.14458783053385,513.2937123885406,Adventure,Romance,81
46,46,177.23305425638134,513.4675631361653,Adventure,Romance,81
46,47,177.32165630413883,513.6413448040278,Adventure,Romance,81
46,48,197.37450715304146,502.97426213974984,Adventure,Romance,81
46,49,215.11813709101392,492.6189845857788,Adventure,Romance,81
46,50,230.55254611805626,482.57551214211435,Adventure,Romance,81
46,51,243.67773423416833,472.84384480875644,Adventure,Romance,81
46,52,254.4937014393502,463.42398258570535,Adventure,Romance,81
46,53,263.000447733602,454.31592547296106,Adventure,Romance,81
46,54,269.1979731169236,445.51967347052346,Adventure,Romance,81
46,55,273.08627758931493,437.0352265783923,Adventure,Romance,81
46,56,274.6653611507761,428.86258479656806,Adventure,Romance,81
46,57,273.9352238013072,421.0017481250505,Adventure,Romance,81
46,58,270.89586554090806,413.4527165638396,Adventure,Romance,81
46,59,265.5472863695787,406.2154901129354,Adventure,Romance,81
46,60,257.88948628731924,399.2900687723379,Adventure,Romance,81
46,61,247.92246529412958,392.6764525420472,Adventure,Romance,81
46,62,235.64622339000974,386.37464142206306,Adventure,Romance,81
46,63,221.06076057495966,380.38463541238565,Adventure,Romance,81
46,64,204.16607684897946,374.706434513015,Adventure,Romance,81
46,65,184.9621722120691,369.340038723951,Adventure,Romance,81
46,66,163.44904666422855,364.2854480451937,Adventure,Romance,81
46,67,139.62670020545775,359.54266247674303,Adventure,Romance,81
47,0,689.4870170278886,417.2414318516466,Comedy,Horror,283
47,1,689.4389396312558,418.0305359081271,Comedy,Horror,283
47,2,689.388711243338,418.81950596907245,Comedy,Horror,283
47,3,689.3363322374119,419.6083361711813,Comedy,Horror,283
47,4,689.2818030027365,420.3970206521917,Comedy,Horror,283
47,5,689.225123944551,421.1855535509246,Comedy,Horror,283
47,6,689.1662954840708,421.9739290073275,Comedy,Horror,283
47,7,689.1053180584847,422.7621411625179,Comedy,Horror,283
47,8,689.042192120952,423.5501841588268,Comedy,Horror,283
47,9,688.9769181405987,424.33805213984255,Comedy,Horror,283
47,10,688.9094966025143,425.1257392504539,Comedy,Horror,283
47,11,688.8399280077477,425.9132396368939,Comedy,Horror,283
47,12,688.7682128733045,426.7005474467832,Comedy,Horror,283
47,13,688.6943517321417,427.48765682917366,Comedy,Horror,283
47,14,661.4508255691845,424.5338854585705,Comedy,Horror,283
47,15,634.7096474102447,420.90831550469915,Comedy,Horror,283
47,16,608.4708172553222,416.61094696755936,Comedy,Horror,283
47,17,582.7343351044168,411.6417798471511,Comedy,Horror,283
47,18,557.5002009575289,406.00081414347454,Comedy,Horror,283
47,19,532.7684148146583,399.68804985652974,Comedy,Horror,283
47,20,508.53897667580515,392.70348698631653,Comedy,Horror,283
47,21,484.8118865409692,385.0471255328349,Comedy,Horror,283
47,22,461.58714441015053,376.71896549608493,Comedy,Horror,283
47,23,438.8647502833493,367.7190068760666,Comedy,Horror,283
47,24,416.64470416056537,358.04724967278,Comedy,Horror,283
47,25,394.92700604179873,347.703693886225,Comedy,Horror,283
47,26,373.71165592704943,336.6883395164016,Comedy,Horror,283
47,27,352.9986538163175,325.00118656330994,Comedy,Horror,283
47,28,332.7879997096029,312.64223502694983,Comedy,Horror,283
47,29,313.07969360690555,299.61148490732137,Comedy,Horror,283
47,30,293.87373550822554,285.90893620442455,Comedy,Horror,283
47,31,275.1701254135629,271.53458891825943,Comedy,Horror,283
47,32,256.9688633229176,256.48844304882596,Comedy,Horror,283
47,33,239.26994923628962,240.77049859612407,Comedy,Horror,283
47,34,222.07338315367892,224.3807555601538,Comedy,Horror,283
47,35,221.59529014739104,224.86645237874495,Comedy,Horror,283
47,36,221.1185229716102,225.35345071790954,Comedy,Horror,283
47,37,220.64308516947435,225.84174695847582,Comedy,Horror,283
47,38,220.16898027424182,226.33133747162685,Comedy,Horror,283
47,39,219.69621180926526,226.82221861892714,Comedy,Horror,283
47,40,219.22478328796595,227.3143867523495,Comedy,Horror,283
47,41,218.75469821380682,227.8078382143027,Comedy,Horror,283
47,42,218.285960080267,228.30256933765816,Comedy,Horror,283
47,43,217.81857237081567,228.79857644577754,Comedy,Horror,283
47,44,217.35253855888644,229.29585585253963,Comedy,Horror,283
47,45,216.887862107851,229.79440386236826,Comedy,Horror,283
47,46,216.42454647099376,230.29421677025948,Comedy,Horror,283
47,47,215.9625950914864,230.795290861809,Comedy,Horror,283
47,48,233.72908175424593,246.56543713509123,Comedy,Horror,283
47,49,251.97379795042661,261.64640754766356,Comedy,Horror,283
47,50,270.6967436800286,276.03820209952596,Comedy,Horror,283
47,51,289.8979189430517,289.7408207906783,Comedy,Horror,283
47,52,309.5773237394959,302.7542636211208,Comedy,Horror,283
47,53,329.7349580693615,315.0785305908533,Comedy,Horror,283
47,54,350.3708219326483,326.71362169987594,Comedy,Horror,283
47,55,371.4849153293561,337.6595369481884,Comedy,Horror,283
47,56,393.0772382594852,347.91627633579105,Comedy,Horror,283
47,57,415.14779072303554,357.4838398626838,Comedy,Horror,283
47,58,437.6965727200071,366.3622275288665,Comedy,Horror,283
47,59,460.7235842503999,374.5514393343393,Comedy,Horror,283
47,60,484.22882531421385,382.0514752791022,Comedy,Horror,283
47,61,508.21229591144896,388.86233536315507,Comedy,Horror,283
47,62,532.6739960421053,394.984019586498,Comedy,Horror,283
47,63,557.6139257061828,400.41652794913097,Comedy,Horror,283
47,64,583.0320849036816,405.159860451054,Comedy,Horror,283
47,65,608.9284736346015,409.2140170922671,Comedy,Horror,283
47,66,635.3030918989425,412.57899787277023,Comedy,Horror,283
47,67,662.155939696705,415.2548027925634,Comedy,Horror,283
48,0,689.9744723686534,396.1522247309577,Comedy,Crime,379
48,1,689.9865874922283,397.21090075253056,Comedy,Crime,379
48,2,689.9948374783849,398.269613949105,Comedy,Crime,379
48,3,689.9992222171619,399.3283502094354,Comedy,Crime,379
48,4,689.9997416501164,400.38709542196864,Comedy,Crime,379
48,5,689.9963957703253,401.44583547503214,Comedy,Crime,379
48,6,689.9891846223845,402.50455625702233,Comedy,Crime,379
48,7,689.9781083024093,403.56324365659236,Comedy,Crime,379
48,8,689.9631669580319,404.62188356284037,Comedy,Crime,379
48,9,689.9443607884014,405.6804618654975,Comedy,Crime,379
48,10,689.9216900441784,406.7389644551159,Comedy,Crime,379
48,11,689.8951550275344,407.79737722325706,Comedy,Crime,379
48,12,689.864756092146,408.8556860626796,Comedy,Crime,379
48,13,689.8304936431905,409.9138768675272,Comedy,Crime,379
48,14,662.3237112777838,409.07308547101155,Comedy,Crime,379
48,15,635.0091724945523,408.4390687800412,Comedy,Crime,379
48,16,607.886877293496,408.0118267946163,Comedy,Crime,379
48,17,580.9568256746147,407.7913595147365,Comedy,Crime,379
48,18,554.2190176379088,407.77766694040207,Comedy,Crime,379
48,19,527.6734531833781,407.97074907161306,Comedy,Crime,379
48,20,501.32013231102263,408.3706059083694,Comedy,Crime,379
48,21,475.1590550208423,408.9772374506708,Comedy,Crime,379
48,22,449.1902213128371,409.79064369851767,Comedy,Crime,379
48,23,423.41363118700724,410.8108246519099,Comedy,Crime,379
48,24,397.8292846433526,412.03778031084744,Comedy,Crime,379
48,25,372.437181681873,413.47151067533025,Comedy,Crime,379
48,26,347.23732230256866,415.11201574535835,Comedy,Crime,379
48,27,322.2297065054397,416.9592955209319,Comedy,Crime,379
48,28,297.4143342904858,419.01335000205063,Comedy,Crime,379
48,29,272.79120565770705,421.2741791887147,Comedy,Crime,379
48,30,248.3603206071035,423.7417830809241,Comedy,Crime,379
48,31,224.12167913867526,426.41616167867886,Comedy,Crime,379
48,32,200.0752812524222,429.2973149819789,Comedy,Crime,379
48,33,176.22112694834425,432.3852429908242,Comedy,Crime,379
48,34,152.55921622644155,435.6799457052149,Comedy,Crime,379
48,35,152.6911270255479,436.5830746125353,Comedy,Crime,379
48,36,152.82633412462135,437.4857159158882,Comedy,Crime,379
48,37,152.96483572153014,438.38785758425985,Comedy,Crime,379
48,38,153.10662997023135,439.2894875932955,Comedy,Crime,379
48,39,153.25171498079524,440.1905939254608,Comedy,Crime,379
48,40,153.40008881943066,441.0911645702006,Comedy,Crime,379
48,41,153.55174950851074,441.9911875241003,Comedy,Crime,379
48,42,153.70669502659916,442.89065079104495,Comedy,Crime,379
48,43,153.8649233084773,443.7895423823798,Comedy,Crime,379
48,44,154.02643224517152,444.68785031706943,Comedy,Crime,379
48,45,154.1912196839815,445.5855626218582,Comedy,Crime,379
48,46,154.35928342850872,446.4826673314289,Comedy,Crime,379
48,47,154.53062123868594,447.3791524885633,Comedy,Crime,379
48,48,178.0095758908005,442.9655628574972,Comedy,Crime,379
48,49,201.69036770213205,438.74939443831107,Comedy,Crime,379
48,50,225.57299667268057,434.7306472310049,Comedy,Crime,379
48,51,249.657462802446,430.9093212355785,Comedy,Crime,379
48,52,273.94376609142836,427.285416452032,Comedy,Crime,379
48,53,298.4319065396278,423.8589328803656,Comedy,Crime,379
48,54,323.12188414704417,420.62987052057906,Comedy,Crime,379
48,55,348.0136989136774,417.59822937267234,Comedy,Crime,379
48,56,373.1073508395276,414.7640094366455,Comedy,Crime,379
48,57,398.4028399245949,412.1272107124987,Comedy,Crime,379
48,58,423.90016616887897,409.68783320023175,Comedy,Crime,379
48,59,449.59932957238016,407.4458768998448,Comedy,Crime,379
48,60,475.50033013509824,405.4013418113376,Comedy,Crime,379
48,61,501.6031678570333,403.55422793471047,Comedy,Crime,379
48,62,527.9078427381853,401.90453526996316,Comedy,Crime,379
48,63,554.4143547785542,400.45226381709585,Comedy,Crime,379
48,64,581.1227039781402,399.1974135761084,Comedy,Crime,379
48,65,608.032890336943,398.13998454700084,Comedy,Crime,379
48,66,635.1449138549629,397.27997672977324,Comedy,Crime,379
48,67,662.4587745321996,396.61739012442547,Comedy,Crime,379
49,0,628.4225320942754,578.670497933038,Thriller,Action,215
49,1,628.0520048754141,579.1431915320928,Thriller,Action,215
49,2,627.6804994743668,579.6151167332607,Thriller,Action,215
49,3,627.3080174846295,580.0862715123153,Thriller,Action,215
49,4,626.9345605038874,580.5566538483351,Thriller,Action,215
49,5,626.560130134007,581.0262617237119,Thriller,Action,215
49,6,626.1847279810306,581.4950931241591,Thriller,Action,215
49,7,625.8083556551686,581.9631460387209,Thriller,Action,215
49,8,625.4310147707927,582.4304184597806,Thriller,Action,215
49,9,625.0527069464289,582.8969083830692,Thriller,Action,215
49,10,624.673433804751,583.3626138076739,Thriller,Action,215
49,11,624.293196972573,583.8275327360474,Thriller,Action,215
49,12,623.9119980808427,584.2916631740152,Thriller,Action,215
49,13,623.5298387646344,584.7550031307854,Thriller,Action,215
49,14,602.4761222737415,568.0755945625589,Thriller,Action,215
49,15,581.8920849467075,553.2287980256477,Thriller,Action,215
49,16,561.7777267835323,540.2146135200519,Thriller,Action,215
49,17,542.1330477842159,529.0330410457715,Thriller,Action,215
49,18,522.9580479487585,519.6840806028064,Thriller,Action,215
49,19,504.25272727716003,512.1677321911569,Thriller,Action,215
49,20,486.01708576942036,506.4839958108229,Thriller,Action,215
49,21,468.2511234255395,502.6328714618041,Thriller,Action,215
49,22,450.95484024551746,500.6143591441007,Thriller,Action,215
49,23,434.1282362293544,500.4284588577128,Thriller,Action,215
49,24,417.7713113770502,502.0751706026404,Thriller,Action,215
49,25,401.8840656886048,505.55449437888336,Thriller,Action,215
49,26,386.4664991640183,510.8664301864417,Thriller,Action,215
49,27,371.51861180329064,518.0109780253155,Thriller,Action,215
49,28,357.04040360642193,526.9881378955047,Thriller,Action,215
49,29,343.031874573412,537.7979097970092,Thriller,Action,215
49,30,329.49302470426085,550.4402937298292,Thriller,Action,215
49,31,316.42385399896875,564.9152896939647,Thriller,Action,215
49,32,303.8243624575354,581.2228976894155,Thriller,Action,215
49,33,291.69455007996095,599.3631177161818,Thriller,Action,215
49,34,280.03441686624535,619.3359497742634,Thriller,Action,215
49,35,280.48893207656124,619.5839353044735,Thriller,Action,215
49,36,280.94395990503074,619.8309789745409,Thriller,Action,215
49,37,281.3994983999056,620.0770797248229,Thriller,Action,215
49,38,281.855545607247,620.3222364997204,Thriller,Action,215
49,39,282.3120995709343,620.5664482476841,Thriller,Action,215
49,40,282.7691583326732,620.8097139212181,Thriller,Action,215
49,41,283.22671993200385,621.0520324768839,Thriller,Action,215
49,42,283.68478240631015,621.2934028753062,Thriller,Action,215
49,43,284.14334379082715,621.5338240811762,Thriller,Action,215
49,44,284.60240211865005,621.7732950632566,Thriller,Action,215
49,45,285.0619554207426,622.0118147943857,Thriller,Action,215
49,46,285.5220017259453,622.2493822514824,Thriller,Action,215
49,47,285.9825390609843,622.4859964155498,Thriller,Action,215
49,48,297.10076679475736,602.2065058144057,Thriller,Action,215
49,49,308.737838388645,583.7463190425071,Thriller,Action,215
49,50,320.8937538426472,567.1054360998538,Thriller,Action,215
49,51,333.56851315676386,552.2838569864456,Thriller,Action,215
49,52,346.7621163309951,539.2815817022827,Thriller,Action,215
49,53,360.47456336534106,528.0986102473653,Thriller,Action,215
49,54,374.70585425980147,518.7349426216931,Thriller,Action,215
49,55,389.45598901437637,511.1905788252661,Thriller,Action,215
49,56,404.7249676290658,505.46551885808435,Thriller,Action,215
49,57,420.5127901038699,501.5597627201481,Thriller,Action,215
49,58,436.81945643878856,499.4733104114571,Thriller,Action,215
49,59,453.64496663382175,499.20616193201136,Thriller,Action,215
49,60,470.9893206889695,500.75831728181083,Thriller,Action,215
49,61,488.8525186042318,504.12977646085574,Thriller,Action,215
49,62,507.23456037960864,509.32053946914584,Thriller,Action,215
49,63,526.1354460151,516.3306063066814,Thriller,Action,215
49,64,545.555175510706,525.159976973462,Thriller,Action,215
49,65,565.4937488664265,535.8086514694882,Thriller,Action,215
49,66,585.9511660822616,548.2766297947594,Thriller,Action,215
49,67,606.9274271582112,562.5639119492761,Thriller,Action,215
50,0,607.4381027785901,602.6559486312185,Thriller,Science Fiction,105
50,1,607.2330206179367,602.8656579255489,Thriller,Science Fiction,105
50,2,607.0277264520367,603.0751596825684,Thriller,Science Fiction,105
50,3,606.8222204909121,603.2844536879508,Thriller,Science Fiction,105
50,4,606.6165029448009,603.4935397275823,Thriller,Science Fiction,105
50,5,606.4105740241582,603.7024175875621,Thriller,Science Fiction,105
50,6,606.2044339396551,603.9110870542022,Thriller,Science Fiction,105
50,7,605.9980829021788,604.1195479140279,Thriller,Science Fiction,105
50,8,605.7915211228321,604.3277999537776,Thriller,Science Fiction,105
50,9,605.5847488129336,604.5358429604038,Thriller,Science Fiction,105
50,10,605.3777661840174,604.7436767210726,Thriller,Science Fiction,105
50,11,605.1705734478325,604.9513010231641,Thriller,Science Fiction,105
50,12,604.9631708163427,605.1587156542728,Thriller,Science Fiction,105
50,13,604.755558501727,605.3659204022076,Thriller,Science Fiction,105
50,14,585.4490079103845,585.774651084164,Thriller,Science Fiction,105
50,15,566.5304148985906,566.1181613018827,Thriller,Science Fiction,105
50,16,547.9997794663453,546.3964510553633,Thriller,Science Fiction,105
50,17,529.8571016136486,526.6095203446057,Thriller,Science Fiction,105
50,18,512.1023813405004,506.75736916961023,Thriller,Science Fiction,105
50,19,494.7356186469011,486.839997530377,Thriller,Science Fiction,105
50,20,477.7568135328504,466.8574054269057,Thriller,Science Fiction,105
50,21,461.16596599834804,446.8095928591963,Thriller,Science Fiction,105
50,22,444.9630760433945,426.69655982724896,Thriller,Science Fiction,105
50,23,429.1481436679896,406.5183063310638,Thriller,Science Fiction,105
50,24,413.7211688721333,386.2748323706406,Thriller,Science Fiction,105
50,25,398.6821516558256,365.96613794597937,Thriller,Science Fiction,105
50,26,384.03109201906653,345.59222305708016,Thriller,Science Fiction,105
50,27,369.76798996185613,325.15308770394313,Thriller,Science Fiction,105
50,28,355.89284548419437,304.648731886568,Thriller,Science Fiction,105
50,29,342.40565858608113,284.0791556049549,Thriller,Science Fiction,105
50,30,329.30642926751653,263.44435885910383,Thriller,Science Fiction,105
50,31,316.59515752850064,242.74434164901487,Thriller,Science Fiction,105
50,32,304.2718433690333,221.97910397468792,Thriller,Science Fiction,105
50,33,292.3364867891146,201.14864583612297,Thriller,Science Fiction,105
50,34,280.7890877887445,180.25296723332,Thriller,Science Fiction,105
50,35,280.5668859624532,180.37365533412355,Thriller,Science Fiction,105
50,36,280.3448063196188,180.49456811889493,Thriller,Science Fiction,105
50,37,280.12284908743453,180.61570546393708,Thriller,Science Fiction,105
50,38,279.9010144929694,180.7370672453229,Thriller,Science Fiction,105
50,39,279.6793027631661,180.858653338896,Thriller,Science Fiction,105
50,40,279.45771412484237,180.98046362027023,Thriller,Science Fiction,105
50,41,279.23624880468924,181.10249796483038,Thriller,Science Fiction,105
50,42,279.0149070292724,181.22475624773168,Thriller,Science Fiction,105
50,43,278.79368902503046,181.3472383439007,Thriller,Science Fiction,105
50,44,278.572595018276,181.46994412803446,Thriller,Science Fiction,105
50,45,278.35162523519404,181.59287347460173,Thriller,Science Fiction,105
50,46,278.1307799018433,181.71602625784217,Thriller,Science Fiction,105
50,47,277.9100592441546,181.83940235176712,Thriller,Science Fiction,105
50,48,289.73120589669026,202.58144419351035,Thriller,Science Fiction,105
50,49,301.9394190436602,223.2531701666957,Thriller,Science Fiction,105
50,50,314.5346986850644,243.85458027132321,Thriller,Science Fiction,105
50,51,327.51704482090275,264.3856745073927,Thriller,Science Fiction,105
50,52,340.88645745117526,284.84645287490434,Thriller,Science Fiction,105
50,53,354.6429365758821,305.2369153738582,Thriller,Science Fiction,105
50,54,368.7864821950232,325.55706200425413,Thriller,Science Fiction,105
50,55,383.31709430859837,345.8068927660921,Thriller,Science Fiction,105
50,56,398.23477291660777,365.9864076593722,Thriller,Science Fiction,105
50,57,413.53951801905146,386.0956066840945,Thriller,Science Fiction,105
50,58,429.2313296159293,406.1344898402588,Thriller,Science Fiction,105
50,59,445.3102077072415,426.1030571278653,Thriller,Science Fiction,105
50,60,461.77615229298783,446.0013085469139,Thriller,Science Fiction,105
50,61,478.62916337316835,465.82924409740457,Thriller,Science Fiction,105
50,62,495.86924094778306,485.58686377933736,Thriller,Science Fiction,105
50,63,513.4963850168319,505.2741675927123,Thriller,Science Fiction,105
50,64,531.5105955803151,524.8911555375294,Thriller,Science Fiction,105
50,65,549.9118726382326,544.4378276137884,Thriller,Science Fiction,105
50,66,568.7002161905841,563.9141838214896,Thriller,Science Fiction,105
50,67,587.87562623737,583.320224160633,Thriller,Science Fiction,105
51,0,111.43610796487951,371.1750071371504,Adventure,Thriller,118
51,1,111.46905904180971,370.8470222827703,Adventure,Thriller,118
51,2,111.50238290976665,370.51907509495203,Adventure,Thriller,118
51,3,111.53607952569484,370.1911659974134,Adventure,Thriller,118
51,4,111.57014884605735,369.8632954138235,Adventure,Thriller,118
51,5,111.60459082683536,369.5354637678012,Adventure,Thriller,118
51,6,111.6394054235289,369.2076714829155,Adventure,Thriller,118
51,7,111.67459259115634,368.87991898268405,Adventure,Thriller,118
51,8,111.71015228425472,368.55220669057366,Adventure,Thriller,118
51,9,111.74608445687994,368.22453502999855,Adventure,Thriller,118
51,10,111.78238906260634,367.89690442432106,Adventure,Thriller,118
51,11,111.81906605452735,367.56931529685005,Adventure,Thriller,118
51,12,111.85611538525507,367.24176807084115,Adventure,Thriller,118
51,13,111.89353700692067,366.9142631694953,Adventure,Thriller,118
51,14,138.90899954580402,370.5083763465901,Adventure,Thriller,118
51,15,165.07796563996277,374.9886707673024,Adventure,Thriller,118
51,16,190.400435289397,380.3551464316319,Adventure,Thriller,118
51,17,214.87640849410653,386.60780333957877,Adventure,Thriller,118
51,18,238.5058852540915,393.746641491143,Adventure,Thriller,118
51,19,261.28886556935197,401.77166088632464,Adventure,Thriller,118
51,20,283.22534943988785,410.6828615251237,Adventure,Thriller,118
51,21,304.315336865699,420.4802434075399,Adventure,Thriller,118
51,22,324.5588278467856,431.1638065335735,Adventure,Thriller,118
51,23,343.95582238314773,442.73355090322457,Adventure,Thriller,118
51,24,362.5063204747852,455.18947651649296,Adventure,Thriller,118
51,25,380.210322121698,468.5315833733787,Adventure,Thriller,118
51,26,397.0678273238864,482.7598714738818,Adventure,Thriller,118
51,27,413.07883608135006,497.8743408180022,Adventure,Thriller,118
51,28,428.24334839408914,513.87499140574,Adventure,Thriller,118
51,29,442.56136426210367,530.7618232370951,Adventure,Thriller,118
51,30,456.0328836853936,548.5348363120676,Adventure,Thriller,118
51,31,468.657906663959,567.1940306306575,Adventure,Thriller,118
51,32,480.4364331977997,586.7394061928646,Adventure,Thriller,118
51,33,491.3684632869159,607.1709629986892,Adventure,Thriller,118
51,34,501.4539969313075,628.4887010481311,Adventure,Thriller,118
51,35,501.71364887480524,628.373233178875,Adventure,Thriller,118
51,36,501.97316940107794,628.2574702442378,Adventure,Thriller,118
51,37,502.232558174817,628.1414123937885,Adventure,Thriller,118
51,38,502.49181486088384,628.0250597774777,Adventure,Thriller,118
51,39,502.7509391243108,627.9084125456368,Adventure,Thriller,118
51,40,503.00993063030114,627.7914708489775,Adventure,Thriller,118
51,41,503.26878904422983,627.674234838592,Adventure,Thriller,118
51,42,503.5275140316435,627.5567046659532,Adventure,Thriller,118
51,43,503.78610525826144,627.4388804829136,Adventure,Thriller,118
51,44,504.0445623899757,627.3207624417058,Adventure,Thriller,118
51,45,504.3028850928515,627.202350694942,Adventure,Thriller,118
51,46,504.56107303312785,627.0836453956139,Adventure,Thriller,118
51,47,504.81912587721774,626.9646466970923,Adventure,Thriller,118
51,48,494.41969718560534,605.7982623264718,Adventure,Thriller,118
51,49,483.1869588969051,585.530470490247,Adventure,Thriller,118
51,50,471.1209110111168,566.1612711884179,Adventure,Thriller,118
51,51,458.2215535282403,547.6906644209843,Adventure,Thriller,118
51,52,444.48888644827593,530.1186501879464,Adventure,Thriller,118
51,53,429.9229097712237,513.4452284893043,Adventure,Thriller,118
51,54,414.5236234970834,497.67039932505776,Adventure,Thriller,118
51,55,398.29102762585507,482.79416269520686,Adventure,Thriller,118
51,56,381.22512215753875,468.8165185997516,Adventure,Thriller,118
51,57,363.32590709213446,455.7374670386921,Adventure,Thriller,118
51,58,344.5933824296422,443.5570080120282,Adventure,Thriller,118
51,59,325.0275481700619,432.27514151976,Adventure,Thriller,118
51,60,304.62840431339356,421.89186756188735,Adventure,Thriller,118
51,61,283.3959508596373,412.40718613841045,Adventure,Thriller,118
51,62,261.3301878087931,403.82109724932917,Adventure,Thriller,118
51,63,238.43111516086077,396.13360089464356,Adventure,Thriller,118
51,64,214.69873291584048,389.3446970743536,Adventure,Thriller,118
51,65,190.13304107373227,383.4543857884593,Adventure,Thriller,118
51,66,164.73403963453606,378.4626670369607,Adventure,Thriller,118
51,67,138.5017285982518,374.3695408198577,Adventure,Thriller,118
52,0,212.3307209899007,621.0887643364753,Romance,Comedy,415
52,1,211.4483917468619,620.3367673021348,Romance,Comedy,415
52,2,210.56907575230466,619.5812490598046,Romance,Comedy,415
52,3,209.6927870586023,618.8222216834422,Romance,Comedy,415
52,4,208.81953966974862,618.0596973030853,Romance,Comedy,415
52,5,207.94934754113459,617.2936881046573,Romance,Comedy,415
52,6,207.0822245793246,616.5242063297724,Romance,Comedy,415
52,7,206.2181846418348,615.7512642755402,Romance,Comedy,415
52,8,205.3572415369114,614.974874294369,Romance,Comedy,415
52,9,204.49940902331,614.1950487937687,Romance,Comedy,415
52,10,203.64470081007576,613.4118002361522,Romance,Comedy,415
52,11,202.79313055632448,612.6251411386365,Romance,Comedy,415
52,12,201.94471187102394,611.8350840728425,Romance,Comedy,415
52,13,201.09945831277668,611.0416416646941,Romance,Comedy,415
52,14,220.1085305146206,591.6531274593125,Romance,Comedy,415
52,15,239.2499296559195,573.6859927793002,Romance,Comedy,415
52,16,258.5236557366733,557.140237624657,Romance,Comedy,415
52,17,277.92970875688184,542.0158619953828,Romance,Comedy,415
52,18,297.46808871654537,528.3128658914777,Romance,Comedy,415
52,19,317.1387956156638,516.0312493129419,Romance,Comedy,415
52,20,336.9418294542372,505.1710122597752,Romance,Comedy,415
52,21,356.8771902322653,495.7321547319775,Romance,Comedy,415
52,22,376.9448779497484,487.714676729549,Romance,Comedy,415
52,23,397.1448926066864,481.11857825248967,Romance,Comedy,415
52,24,417.4772342030793,475.94385930079955,Romance,Comedy,415
52,25,437.9419027389271,472.19051987447847,Romance,Comedy,415
52,26,458.5388982142298,469.85855997352644,Romance,Comedy,415
52,27,479.2682206289874,468.9479795979437,Romance,Comedy,415
52,28,500.1298699831998,469.45877874773004,Romance,Comedy,415
52,29,521.1238462768672,471.3909574228855,Romance,Comedy,415
52,30,542.2501495099896,474.74451562341005,Romance,Comedy,415
52,31,563.5087796825667,479.51945334930383,Romance,Comedy,415
52,32,584.8997367945987,485.71577060056666,Romance,Comedy,415
52,33,606.4230208460856,493.33346737719864,Romance,Comedy,415
52,34,628.0786318370275,502.3725436791998,Romance,Comedy,415
52,35,628.4860558768976,501.45995402038807,Romance,Comedy,415
52,36,628.8898284747709,500.5457429272368,Romance,Comedy,415
52,37,629.2899431779463,499.62992500977884,Romance,Comedy,415
52,38,629.6863935921798,498.7125149037258,Romance,Comedy,415
52,39,630.0791733817862,497.79352727023394,Romance,Comedy,415
52,40,630.4682762697407,496.8729767956702,Romance,Comedy,415
52,41,630.8536960377795,495.9508781913771,Romance,Comedy,415
52,42,631.2354265264985,495.02724619343826,Romance,Comedy,415
52,43,631.613461635452,494.10209556244206,Romance,Comedy,415
52,44,631.9877953232508,493.1754410832465,Romance,Comedy,415
52,45,632.3584216076574,492.2472975647424,Romance,Comedy,415
52,46,632.7253345656832,491.3176798396172,Romance,Comedy,415
52,47,633.0885283336819,490.38660276411747,Romance,Comedy,415
52,48,610.9926123683961,482.484648231255,Romance,Comedy,415
52,49,589.1026793932399,475.9952803972615,Romance,Comedy,415
52,50,567.4187294082134,470.9184992621369,Romance,Comedy,415
52,51,545.9407624133163,467.25430482588104,Romance,Comedy,415
52,52,524.6687784085487,465.0026970884942,Romance,Comedy,415
52,53,503.6027773939112,464.1636760499763,Romance,Comedy,415
52,54,482.74275936940325,464.73724171032734,Romance,Comedy,415
52,55,462.08872433502466,466.7233940695471,Romance,Comedy,415
52,56,441.64067229077574,470.1221331276358,Romance,Comedy,415
52,57,421.39860323665664,474.9334588845935,Romance,Comedy,415
52,58,401.362517172667,481.15737134042007,Romance,Comedy,415
52,59,381.53241409880707,488.7938704951155,Romance,Comedy,415
52,60,361.90829401507676,497.8429563486799,Romance,Comedy,415
52,61,342.4901569214761,508.30462890111323,Romance,Comedy,415
52,62,323.278002818005,520.1788881524153,Romance,Comedy,415
52,63,304.27183170466355,533.4657341025863,Romance,Comedy,415
52,64,285.47164358145176,548.1651667516264,Romance,Comedy,415
52,65,266.87743844836956,564.2771860995352,Romance,Comedy,415
52,66,248.48921630541702,581.801792146313,Romance,Comedy,415
52,67,230.30697715259402,600.7389848919597,Romance,Comedy,415
53,0,243.73485525150352,155.70263092548163,Science Fiction,Horror,94
53,1,243.95612746583114,155.56123497992374,Science Fiction,Horror,94
53,2,244.17752762167325,155.42003945150046,Science Fiction,Horror,94
53,3,244.39905553750248,155.2790444559789,Science Fiction,Horror,94
53,4,244.62071103168608,155.1382501089621,Science Fiction,Horror,94
53,5,244.84249392248725,154.99765652588832,Science Fiction,Horror,94
53,6,245.0644040280646,154.85726382203126,Science Fiction,Horror,94
53,7,245.2864411664726,154.71707211249975,Science Fiction,Horror,94
53,8,245.50860515566094,154.5770815122383,Science Fiction,Horror,94
53,9,245.730895813476,154.4372921360261,Science Fiction,Horror,94
53,10,245.95331295766,154.29770409847742,Science Fiction,Horror,94
53,11,246.17585640585173,154.15831751404147,Science Fiction,Horror,94
53,12,246.39852597558573,154.01913249700257,Science Fiction,Horror,94
53,13,246.6213214842938,153.88014916147938,Science Fiction,Horror,94
53,14,260.5189152006254,176.32586316243115,Science Fiction,Horror,94
53,15,272.9967099656761,196.78303357699693,Science Fiction,Horror,94
53,16,284.05470577944595,215.25166040517666,Science Fiction,Horror,94
53,17,293.69290264193484,231.7317436469703,Science Fiction,Horror,94
53,18,301.9113005531429,246.22328330237795,Science Fiction,Horror,94
53,19,308.70989951307007,258.7262793713996,Science Fiction,Horror,94
53,20,314.0886995217164,269.2407318540352,Science Fiction,Horror,94
53,21,318.04770057908183,277.76664075028464,Science Fiction,Horror,94
53,22,320.58690268516636,284.3040060601481,Science Fiction,Horror,94
53,23,321.70630583997,288.85282778362557,Science Fiction,Horror,94
53,24,321.40591004349284,291.41310592071693,Science Fiction,Horror,94
53,25,319.6857152957348,291.9848404714223,Science Fiction,Horror,94
53,26,316.5457215966958,290.5680314357416,Science Fiction,Horror,94
53,27,311.98592894637596,287.1626788136749,Science Fiction,Horror,94
53,28,306.00633734477526,281.76878260522216,Science Fiction,Horror,94
53,29,298.6069467918936,274.3863428103833,Science Fiction,Horror,94
53,30,289.7877572877311,265.0153594291585,Science Fiction,Horror,94
53,31,279.5487688322878,253.6558324615476,Science Fiction,Horror,94
53,32,267.8899814255636,240.30776190755068,Science Fiction,Horror,94
53,33,254.81139506755846,224.97114776716768,Science Fiction,Horror,94
53,34,240.31300975827244,207.64599004039866,Science Fiction,Horror,94
53,35,240.13890111907102,207.79066343025414,Science Fiction,Horror,94
53,36,239.96492355115595,207.9354944139531,Science Fiction,Horror,94
53,37,239.79107719717257,208.0804828727477,Science Fiction,Horror,94
53,38,239.61736219965914,208.2256286877606,Science Fiction,Horror,94
53,39,239.44377870104563,208.37093173998576,Science Fiction,Horror,94
53,40,239.27032684365452,208.51639191028818,Science Fiction,Horror,94
53,41,239.0970067697,208.66200907940413,Science Fiction,Horror,94
53,42,238.9238186212888,208.80778312794078,Science Fiction,Horror,94
53,43,238.75076254041906,208.953713936377,Science Fiction,Horror,94
53,44,238.57783866898066,209.09980138506307,Science Fiction,Horror,94
53,45,238.40504714875502,209.246045354221,Science Fiction,Horror,94
53,46,238.2323881214155,209.39244572394395,Science Fiction,Horror,94
53,47,238.05986172852633,209.53900237419737,Science Fiction,Horror,94
53,48,252.7611781103447,226.6922983687175,Science Fiction,Horror,94
53,49,266.01938663266213,241.87390109022036,Science Fiction,Horror,94
53,50,277.8344872954786,255.08381053870588,Science Fiction,Horror,94
53,51,288.20648009879403,266.322026714174,Science Fiction,Horror,94
53,52,297.1353650426084,275.58854961662485,Science Fiction,Horror,94
53,53,304.6211421269219,282.8833792460584,Science Fiction,Horror,94
53,54,310.66381135173435,288.2065156024746,Science Fiction,Horror,94
53,55,315.26337271704574,291.5579586858734,Science Fiction,Horror,94
53,56,318.41982622285616,292.9377084962549,Science Fiction,Horror,94
53,57,320.1331718691656,292.34576503361916,Science Fiction,Horror,94
53,58,320.4034096559741,289.78212829796604,Science Fiction,Horror,94
53,59,319.2305395832815,285.24679828929555,Science Fiction,Horror,94
53,60,316.6145616510879,278.73977500760776,Science Fiction,Horror,94
53,61,312.55547585939337,270.26105845290266,Science Fiction,Horror,94
53,62,307.05328220819786,259.8106486251802,Science Fiction,Horror,94
53,63,300.10798069750126,247.38854552444047,Science Fiction,Horror,94
53,64,291.7195713273037,232.99474915068333,Science Fiction,Horror,94
53,65,281.88805409760516,216.62925950390894,Science Fiction,Horror,94
53,66,270.61342900840566,198.29207658411718,Science Fiction,Horror,94
53,67,257.8956960597051,177.98320039130806,Science Fiction,Horror,94
54,0,144.41093453524655,262.98091514371447,Horror,Comedy,227
54,1,144.71115890106205,262.42235788340747,Horror,Comedy,227
54,2,145.0126039205538,261.86445844525156,Horror,Comedy,227
54,3,145.31526815237413,261.3072194968213,Horror,Comedy,227
54,4,145.6191501493458,260.750643702533,Horror,Comedy,227
54,5,145.92424845846875,260.1947337236323,Horror,Comedy,227
54,6,146.23056162092732,259.63949221818115,Horror,Comedy,227
54,7,146.53808817209705,259.08492184104523,Horror,Comedy,227
54,8,146.84682664155162,258.5310252438812,Horror,Comedy,227
54,9,147.1567755530701,257.97780507512414,Horror,Comedy,227
54,10,147.46793342464383,257.4252639799747,Horror,Comedy,227
54,11,147.78029876848345,256.87340460038695,Horror,Comedy,227
54,12,148.09387009102622,256.3222295750549,Horror,Comedy,227
54,13,148.40864589294304,255.77174153940052,Horror,Comedy,227
54,14,172.294413126801,269.45668383537424,Horror,Comedy,227
54,15,196.02955214131643,283.03946149270513,Horror,Comedy,227
54,16,219.61406293648935,296.52007451139315,Horror,Comedy,227
54,17,243.04794551231964,309.8985228914381,Horror,Comedy,227
54,18,266.3311998688074,323.17480663284033,Horror,Comedy,227
54,19,289.46382600595274,336.3489257355996,Horror,Comedy,227
54,20,312.4458239237555,349.42088019971607,Horror,Comedy,227
54,21,335.2771936222157,362.39067002518954,Horror,Comedy,227
54,22,357.9579351013333,375.25829521202013,Horror,Comedy,227
54,23,380.48804836110844,388.0237557602079,Horror,Comedy,227
54,24,402.867533401541,400.6870516697527,Horror,Comedy,227
54,25,425.09639022263104,413.2481829406547,Horror,Comedy,227
54,26,447.17461882437857,425.70714957291375,Horror,Comedy,227
54,27,469.1022192067835,438.06395156652997,Horror,Comedy,227
54,28,490.8791913698459,450.3185889215032,Horror,Comedy,227
54,29,512.5055353135658,462.4710616378336,Horror,Comedy,227
54,30,533.9812510379431,474.52136971552113,Horror,Comedy,227
54,31,555.306338542978,486.4695131545658,Horror,Comedy,227
54,32,576.4807978286702,498.31549195496746,Horror,Comedy,227
54,33,597.50462889502,510.0593061167263,Horror,Comedy,227
54,34,618.3778317420272,521.7009556398423,Horror,Comedy,227
54,35,618.6434275331447,521.2231479403108,Horror,Comedy,227
54,36,618.9079778892075,520.7447606170067,Horror,Comedy,227
54,37,619.1714815452781,520.2657959573204,Horror,Comedy,227
54,38,619.4339372414241,519.7862562514028,Horror,Comedy,227
54,39,619.6953437227238,519.3061437921544,Horror,Comedy,227
54,40,619.9556997392723,518.8254608752144,Horror,Comedy,227
54,41,620.2150040461872,518.3442097989494,Horror,Comedy,227
54,42,620.4732554036154,517.8623928644425,Horror,Comedy,227
54,43,620.7304525767377,517.3800123754829,Horror,Comedy,227
54,44,620.9865943357761,516.8970706385543,Horror,Comedy,227
54,45,621.2416794559986,516.4135699628235,Horror,Comedy,227
54,46,621.4957067177255,515.9295126601304,Horror,Comedy,227
54,47,621.7486749063354,515.4449010449763,Horror,Comedy,227
54,48,600.5530179071868,504.401227512776,Horror,Comedy,227
54,49,579.2038897490432,493.2597118771232,Horror,Comedy,227
54,50,557.7012904319046,482.02035413801764,Horror,Comedy,227
54,51,536.0452199557707,470.68315429545936,Horror,Comedy,227
54,52,514.2356783206417,459.24811234944843,Horror,Comedy,227
54,53,492.27266552651776,447.71522829998503,Horror,Comedy,227
54,54,470.1561815733987,436.0845021470689,Horror,Comedy,227
54,55,447.8862264612845,424.35593389070004,Horror,Comedy,227
54,56,425.4628001901752,412.5295235308785,Horror,Comedy,227
54,57,402.88590276007085,400.60527106760446,Horror,Comedy,227
54,58,380.15553417097146,388.58317650087776,Horror,Comedy,227
54,59,357.2716944228768,376.46323983069834,Horror,Comedy,227
54,60,334.2343835157871,364.2454610570663,Horror,Comedy,227
54,61,311.04360144970246,351.9298401799816,Horror,Comedy,227
54,62,287.6993482246226,339.51637719944426,Horror,Comedy,227
54,63,264.20162384054765,327.00507211545425,Horror,Comedy,227
54,64,240.5504282974776,314.39592492801154,Horror,Comedy,227
54,65,216.74576159541252,301.6889356371163,Horror,Comedy,227
54,66,192.78762373435234,288.88410424276833,Horror,Comedy,227
54,67,168.67601471429697,275.9814307449677,Horror,Comedy,227
55,0,688.6943517321417,427.48765682917366,Comedy,Science Fiction,204
55,1,688.6397783517733,428.05491673555935,Comedy,Science Fiction,204
55,2,688.584090354905,428.6220683045798,Comedy,Science Fiction,204
55,3,688.5272879565825,429.1891093461124,Comedy,Science Fiction,204
55,4,688.4693713761551,429.75603767046135,Comedy,Science Fiction,204
55,5,688.4103408372744,430.32285108836624,Comedy,Science Fiction,204
55,6,688.3501965678937,430.8895474110102,Comedy,Science Fiction,204
55,7,688.2889388002674,431.4561244500287,Comedy,Science Fiction,204
55,8,688.2265677709494,432.0225800175178,Comedy,Science Fiction,204
55,9,688.1630837207929,432.58891192604256,Comedy,Science Fiction,204
55,10,688.0984868949488,433.15511798864554,Comedy,Science Fiction,204
55,11,688.0327775428657,433.7211960188555,Comedy,Science Fiction,204
55,12,687.9659559182877,434.28714383069536,Comedy,Science Fiction,204
55,13,687.8980222792545,434.85295923869097,Comedy,Science Fiction,204
55,14,660.8551450588343,431.1179662082271,Comedy,Science Fiction,204
55,15,634.5642319269558,426.55164601944335,Comedy,Science Fiction,204
55,16,609.0252828836188,421.1539986723397,Comedy,Science Fiction,204
55,17,584.2382979288233,414.925024166916,Comedy,Science Fiction,204
55,18,560.2032770625691,407.86472250317246,Comedy,Science Fiction,204
55,19,536.9202202848567,399.97309368110905,Comedy,Science Fiction,204
55,20,514.3891275956859,391.2501377007257,Comedy,Science Fiction,204
55,21,492.60999899505646,381.69585456202236,Comedy,Science Fiction,204
55,22,471.58283448296856,371.31024426499914,Comedy,Science Fiction,204
55,23,451.30763405942236,360.09330680965604,Comedy,Science Fiction,204
55,24,431.78439772441766,348.04504219599306,Comedy,Science Fiction,204
55,25,413.01312547795436,335.16545042401003,Comedy,Science Fiction,204
55,26,394.99381732003263,321.4545314937072,Comedy,Science Fiction,204
55,27,377.7264732506526,306.9122854050844,Comedy,Science Fiction,204
55,28,361.21109326981394,291.5387121581417,Comedy,Science Fiction,204
55,29,345.44767737751687,275.33381175287906,Comedy,Science Fiction,204
55,30,330.4362255737613,258.29758418929646,Comedy,Science Fiction,204
55,31,316.17673785854737,240.43002946739404,Comedy,Science Fiction,204
55,32,302.66921423187495,221.7311475871717,Comedy,Science Fiction,204
55,33,289.913654693744,202.20093854862938,Comedy,Science Fiction,204
55,34,277.9100592441546,181.83940235176712,Comedy,Science Fiction,204
55,35,277.481587805804,182.0797423977911,Comedy,Science Fiction,204
55,36,277.0535894867321,182.32092396855637,Comedy,Science Fiction,204
55,37,276.62606593970514,182.56294613271174,Comedy,Science Fiction,204
55,38,276.1990188156552,182.8058079556603,Comedy,Science Fiction,204
55,39,275.7724497636756,183.04950849956228,Comedy,Science Fiction,204
55,40,275.3463604310124,183.2940468233396,Comedy,Science Fiction,204
55,41,274.9207524630602,183.53942198267848,Comedy,Science Fiction,204
55,42,274.49562750335394,183.78563303003403,Comedy,Science Fiction,204
55,43,274.07098719356406,184.03267901463312,Comedy,Science Fiction,204
55,44,273.64683317348874,184.2805589824788,Comedy,Science Fiction,204
55,45,273.22316708104916,184.52927197635307,Comedy,Science Fiction,204
55,46,272.7999905522814,184.77881703582176,Comedy,Science Fiction,204
55,47,272.37730522133177,185.0291931972369,Comedy,Science Fiction,204
55,48,284.8970894337071,205.07747150957806,Comedy,Science Fiction,204
55,49,298.14735735108695,224.27548610321819,Comedy,Science Fiction,204
55,50,312.1281089734711,242.6232369781572,Comedy,Science Fiction,204
55,51,326.83934430085975,260.1207241343951,Comedy,Science Fiction,204
55,52,342.2810633332527,276.7679475719319,Comedy,Science Fiction,204
55,53,358.4532660706502,292.5649072907677,Comedy,Science Fiction,204
55,54,375.3559525130521,307.5116032909024,Comedy,Science Fiction,204
55,55,392.98912266045835,321.6080355723359,Comedy,Science Fiction,204
55,56,411.352776512869,334.85420413506836,Comedy,Science Fiction,204
55,57,430.44691407028415,347.2501089790998,Comedy,Science Fiction,204
55,58,450.2715353327037,358.7957501044301,Comedy,Science Fiction,204
55,59,470.8266403001276,369.4911275110594,Comedy,Science Fiction,204
55,60,492.11222897255595,379.3362411989875,Comedy,Science Fiction,204
55,61,514.1283013499888,388.33109116821464,Comedy,Science Fiction,204
55,62,536.8748574324259,396.4756774187406,Comedy,Science Fiction,204
55,63,560.3518972198675,403.7699999505655,Comedy,Science Fiction,204
55,64,584.5594207123136,410.2140587636893,Comedy,Science Fiction,204
55,65,609.4974279097639,415.807853858112,Comedy,Science Fiction,204
55,66,635.1659188122187,420.5513852338336,Comedy,Science Fiction,204
55,67,661.564893419678,424.44465289085423,Comedy,Science Fiction,204
56,0,684.533453150603,343.957926178686,Comedy,Action,180
56,1,684.6301974079558,344.45136614183866,Comedy,Action,180
56,2,684.7260859388397,344.9449731091839,Comedy,Action,180
56,3,684.8211184549704,345.43874559671707,Comedy,Action,180
56,4,684.9152946706373,345.93268211993586,Comedy,Action,180
56,5,685.0086143027046,346.4267811938448,Comedy,Action,180
56,6,685.1010770706113,346.9210413329597,Comedy,Action,180
56,7,685.1926826963727,347.41546105131215,Comedy,Action,180
56,8,685.2834309045811,347.9100388624539,Comedy,Action,180
56,9,685.3733214224067,348.40477327946155,Comedy,Action,180
56,10,685.4623539795979,348.89966281494077,Comedy,Action,180
56,11,685.5505283084829,349.3947059810309,Comedy,Action,180
56,12,685.6378441439699,349.8899012894093,Comedy,Action,180
56,13,685.7243012235483,350.38524725129616,Comedy,Action,180
56,14,658.9018209262591,355.5024600837506,Comedy,Action,180
56,15,632.8580564579249,361.4036694861227,Comedy,Action,180
56,16,607.5930078185454,368.0888754584126,Comedy,Action,180
56,17,583.1066750081206,375.5580780006199,Comedy,Action,180
56,18,559.3990580266507,383.81127711274496,Comedy,Action,180
56,19,536.4701568741357,392.84847279478777,Comedy,Action,180
56,20,514.3199715505754,402.6696650467484,Comedy,Action,180
56,21,492.9485020559697,413.2748538686264,Comedy,Action,180
56,22,472.3557483903189,424.6640392604221,Comedy,Action,180
56,23,452.54171055362303,436.8372212221356,Comedy,Action,180
56,24,433.50638854588203,449.7943997537668,Comedy,Action,180
56,25,415.2497823670956,463.53557485531553,Comedy,Action,180
56,26,397.771892017264,478.06074652678205,Comedy,Action,180
56,27,381.0727174963873,493.36991476816615,Comedy,Action,180
56,28,365.15225880446536,509.46307957946794,Comedy,Action,180
56,29,350.01051594149817,526.3402409606874,Comedy,Action,180
56,30,335.6474889074858,544.0013989118246,Comedy,Action,180
56,31,322.0631777024283,562.4465534328793,Comedy,Action,180
56,32,309.2575823263255,581.6757045238519,Comedy,Action,180
56,33,297.23070277917753,601.688852184742,Comedy,Action,180
56,34,285.9825390609843,622.4859964155498,Comedy,Action,180
56,35,286.36848139879805,622.6833581127802,Comedy,Action,180
56,36,286.75476536409565,622.8800503236191,Comedy,Action,180
56,37,287.1413897955337,623.0760724567212,Comedy,Action,180
56,38,287.5283535307452,623.271423922756,Comedy,Action,180
56,39,287.91565540634303,623.4661041344086,Comedy,Action,180
56,40,288.3032942579234,623.6601125063831,Comedy,Action,180
56,41,288.69126892006943,623.8534484554028,Comedy,Action,180
56,42,289.0795782263548,624.046111400213,Comedy,Action,180
56,43,289.4682210093469,624.238100761582,Comedy,Action,180
56,44,289.8571961006107,624.4294159623036,Comedy,Action,180
56,45,290.24650233071185,624.6200564271979,Comedy,Action,180
56,46,290.6361385292208,624.8100215831141,Comedy,Action,180
56,47,291.02610352471567,624.9993108589313,Comedy,Action,180
56,48,301.80266408851895,603.9539280493223,Comedy,Action,180
56,49,313.37541311796997,583.6747912126733,Comedy,Action,180
56,50,325.7443506130687,564.161900348984,Comedy,Action,180
56,51,338.90947657381514,545.4152554582543,Comedy,Action,180
56,52,352.87079100020924,527.4348565404841,Comedy,Action,180
56,53,367.6282938922511,510.22070359567397,Comedy,Action,180
56,54,383.1819852499407,493.7727966238235,Comedy,Action,180
56,55,399.53186507327786,478.0911356249326,Comedy,Action,180
56,56,416.67793336226276,463.17572059900147,Comedy,Action,180
56,57,434.62019011689546,449.0265515460301,Comedy,Action,180
56,58,453.35863533717577,435.6436284660185,Comedy,Action,180
56,59,472.8932690231038,423.02695135896647,Comedy,Action,180
56,60,493.2240911746796,411.17652022487425,Comedy,Action,180
56,61,514.3511017919031,400.09233506374176,Comedy,Action,180
56,62,536.2743008747742,389.7743958755689,Comedy,Action,180
56,63,558.9936884232931,380.2227026603558,Comedy,Action,180
56,64,582.5092644374597,371.4372554181024,Comedy,Action,180
56,65,606.8210289172739,363.4180541488088,Comedy,Action,180
56,66,631.9289818627359,356.1650988524748,Comedy,Action,180
56,67,657.8331232738457,349.6783895291005,Comedy,Action,180
57,0,547.3148814987819,150.20343139066176,Drama,Family,173
57,1,547.7309582529726,150.44927575008228,Drama,Family,173
57,2,548.1466247343768,150.69581315226225,Drama,Family,173
57,3,548.5618797886217,150.9430429125275,Drama,Family,173
57,4,548.9767222624765,151.19096434428084,Drama,Family,173
57,5,549.3911510038567,151.43957675900438,Drama,Family,173
57,6,549.8051648618266,151.68887946626126,Drama,Family,173
57,7,550.2187626866026,151.93887177369737,Drama,Family,173
57,8,550.6319433295566,152.1895529870437,Drama,Family,173
57,9,551.0447056432192,152.44092241011788,Drama,Family,173
57,10,551.4570484812824,152.69297934482637,Drama,Family,173
57,11,551.8689706986036,152.94572309116626,Drama,Family,173
57,12,552.2804711512078,153.1991529472272,Drama,Family,173
57,13,552.6915486962921,153.4532682091935,Drama,Family,173
57,14,538.4027601649788,175.81562941576217,Drama,Family,173
57,15,524.6204990846187,195.94143078960033,Drama,Family,173
57,16,511.34476545521176,213.83067233070796,Drama,Family,173
57,17,498.5755592767576,229.48335403908501,Drama,Family,173
57,18,486.31288054925653,242.89947591473154,Drama,Family,173
57,19,474.55672927270865,254.07903795764759,Drama,Family,173
57,20,463.3071054471138,263.0220401678331,Drama,Family,173
57,21,452.564009072472,269.728482545288,Drama,Family,173
57,22,442.3274401487831,274.1983650900124,Drama,Family,173
57,23,432.59739867604736,276.43168780200625,Drama,Family,173
57,24,423.3738846542647,276.4284506812696,Drama,Family,173
57,25,414.65689808343507,274.1886537278024,Drama,Family,173
57,26,406.4464389635585,269.7122969416046,Drama,Family,173
57,27,398.74250729463495,262.9993803226764,Drama,Family,173
57,28,391.54510307666453,254.0499038710176,Drama,Family,173
57,29,384.85422630964706,242.86386758662823,Drama,Family,173
57,30,378.66987699358265,229.4412714695083,Drama,Family,173
57,31,372.9920551284713,213.78211551965796,Drama,Family,173
57,32,367.82076071431305,195.88639973707703,Drama,Family,173
57,33,363.1559937511078,175.7541241217655,Drama,Family,173
57,34,358.99775423885563,153.38528867372347,Drama,Family,173
57,35,358.58683236665775,153.45396059443038,Drama,Family,173
57,36,358.17602550553033,153.5233172134006,Drama,Family,173
57,37,357.7653347963509,153.5933583380195,Drama,Family,173
57,38,357.3547613796736,153.66408377377158,Drama,Family,173
57,39,356.9443063957278,153.73549332424085,Drama,Family,173
57,40,356.53397098441314,153.80758679111136,Drama,Family,173
57,41,356.12375628529725,153.88036397416803,Drama,Family,173
57,42,355.71366343761326,153.95382467129667,Drama,Family,173
57,43,355.3036935802552,154.02796867848514,Drama,Family,173
57,44,354.89384785177543,154.10279578982357,Drama,Family,173
57,45,354.48412739038235,154.1783057975048,Drama,Family,173
57,46,354.07453333393556,154.2544984918255,Drama,Family,173
57,47,353.6650668199445,154.33137366118606,Drama,Family,173
57,48,358.30689707364303,176.6048818500342,Drama,Family,173
57,49,363.40668627663285,196.63138235204266,Drama,Family,173
57,50,368.964434428914,214.41087516721143,Drama,Family,173
57,51,374.9801415304863,229.9433602955405,Drama,Family,173
57,52,381.45380758134996,243.22883773702986,Drama,Family,173
57,53,388.38543258150486,254.26730749167956,Drama,Family,173
57,54,395.7750165309512,263.05876955948963,Drama,Family,173
57,55,403.6225594296886,269.6032239404599,Drama,Family,173
57,56,411.92806127771723,273.9006706345904,Drama,Family,173
57,57,420.69152207503737,275.9511096418814,Drama,Family,173
57,58,429.9129418216487,275.7545409623326,Drama,Family,173
57,59,439.59232051755123,273.31096459594414,Drama,Family,173
57,60,449.7296581627451,268.62038054271596,Drama,Family,173
57,61,460.3249547572302,261.68278880264813,Drama,Family,173
57,62,471.3782103010066,252.4981893757406,Drama,Family,173
57,63,482.88942479407433,241.06658226199335,Drama,Family,173
57,64,494.8585982364333,227.3879674614064,Drama,Family,173
57,65,507.28573062808357,211.46234497397984,Drama,Family,173
57,66,520.170821969025,193.28971479971352,Drama,Family,173
57,67,533.5138722592578,172.8700769386075,Drama,Family,173
58,0,223.86923094091816,169.6134722023521,Science Fiction,Comedy,60
58,1,224.00241700619313,169.51171227080093,Science Fiction,Comedy,60
58,2,224.1356618634748,169.41002933388032,Science Fiction,Comedy,60
58,3,224.26896546825236,169.3084234255578,Science Fiction,Comedy,60
58,4,224.40232777599593,169.20689457977468,Science Fiction,Comedy,60
58,5,224.535748742156,169.10544283044655,Science Fiction,Comedy,60
58,6,224.66922832216287,169.00406821146368,Science Fiction,Comedy,60
58,7,224.80276647142784,168.90277075669005,Science Fiction,Comedy,60
58,8,224.93636314534257,168.80155049996415,Science Fiction,Comedy,60
58,9,225.07001829927924,168.70040747509842,Science Fiction,Comedy,60
58,10,225.20373188858994,168.59934171588006,Science Fiction,Comedy,60
58,11,225.33750386860783,168.4983532560699,Science Fiction,Comedy,60
58,12,225.47133419464657,168.39744212940298,Science Fiction,Comedy,60
58,13,225.60522282199972,168.29660836958897,Science Fiction,Comedy,60
58,14,242.31189657688228,190.1178722460709,Science Fiction,Comedy,60
58,15,259.21386504572047,211.44768451734322,Science Fiction,Comedy,60
58,16,276.3111282285142,232.28604518340595,Science Fiction,Comedy,60
58,17,293.60368612526344,252.632954244259,Science Fiction,Comedy,60
58,18,311.09153873596824,272.4884116999024,Science Fiction,Comedy,60
58,19,328.7746860606288,291.8524175503362,Science Fiction,Comedy,60
58,20,346.65312809924484,310.7249717955604,Science Fiction,Comedy,60
58,21,364.72686485181634,329.1060744355749,Science Fiction,Comedy,60
58,22,382.9958963183435,346.99572547037974,Science Fiction,Comedy,60
58,23,401.4602224988263,364.3939248999751,Science Fiction,Comedy,60
58,24,420.11984339326455,381.3006727243607,Science Fiction,Comedy,60
58,25,438.97475900165847,397.7159689435367,Science Fiction,Comedy,60
58,26,458.024969324008,413.63981355750315,Science Fiction,Comedy,60
58,27,477.27047436031296,429.07220656625987,Science Fiction,Comedy,60
58,28,496.7112741105735,444.01314796980705,Science Fiction,Comedy,60
58,29,516.3473685747897,458.4626377681445,Science Fiction,Comedy,60
58,30,536.1787577529615,472.42067596127237,Science Fiction,Comedy,60
58,31,556.2054416450889,485.8872625491906,Science Fiction,Comedy,60
58,32,576.4274202511717,498.8623975318992,Science Fiction,Comedy,60
58,33,596.8446935712102,511.3460809093982,Science Fiction,Comedy,60
58,34,617.4572616052043,523.3383126816875,Science Fiction,Comedy,60
58,35,617.5285112069007,523.2126081702244,Science Fiction,Comedy,60
58,36,617.5996881431809,523.0868624995798,Science Fiction,Comedy,60
58,37,617.6707923902678,522.961075711759,Science Fiction,Comedy,60
58,38,617.7418239244093,522.8352478487811,Science Fiction,Comedy,60
58,39,617.8127827218775,522.709378952679,Science Fiction,Comedy,60
58,40,617.8836687589683,522.5834690654991,Science Fiction,Comedy,60
58,41,617.9544820120024,522.4575182293017,Science Fiction,Comedy,60
58,42,618.0252224573244,522.3315264861606,Science Fiction,Comedy,60
58,43,618.0958900713036,522.2054938781635,Science Fiction,Comedy,60
58,44,618.1664848303335,522.0794204474114,Science Fiction,Comedy,60
58,45,618.237006710832,521.9533062360192,Science Fiction,Comedy,60
58,46,618.307455689241,521.8271512861155,Science Fiction,Comedy,60
58,47,618.3778317420272,521.7009556398423,Science Fiction,Comedy,60
58,48,597.6757413327704,509.8639358914722,Science Fiction,Comedy,60
58,49,577.1652475796724,497.53401105395125,Science Fiction,Comedy,60
58,50,556.8463504827326,484.7111811272792,Science Fiction,Comedy,60
58,51,536.7190500419514,471.3954461114559,Science Fiction,Comedy,60
58,52,516.7833462573285,457.5868060064816,Science Fiction,Comedy,60
58,53,497.0392391288643,443.28526081235646,Science Fiction,Comedy,60
58,54,477.48672865655857,428.49081052908014,Science Fiction,Comedy,60
58,55,458.12581484041124,413.20345515665275,Science Fiction,Comedy,60
58,56,438.95649768042233,397.42319469507436,Science Fiction,Comedy,60
58,57,419.9787771765921,381.15002914434496,Science Fiction,Comedy,60
58,58,401.1926533289203,364.38395850446454,Science Fiction,Comedy,60
58,59,382.59812613740684,347.12498277543295,Science Fiction,Comedy,60
58,60,364.1951956020519,329.37310195725036,Science Fiction,Comedy,60
58,61,345.9838617228556,311.1283160499168,Science Fiction,Comedy,60
58,62,327.9641244998176,292.39062505343213,Science Fiction,Comedy,60
58,63,310.1359839329382,273.1600289677964,Science Fiction,Comedy,60
58,64,292.4994400222172,253.4365277930096,Science Fiction,Comedy,60
58,65,275.0544927676547,233.22012152907183,Science Fiction,Comedy,60
58,66,257.80114216925074,212.510810175983,Science Fiction,Comedy,60
58,67,240.73938822700524,191.30859373374307,Science Fiction,Comedy,60
59,0,376.28594617328656,689.0287938097237,Action,Romance,103
59,1,375.99918844474894,689.005122869283,Action,Romance,103
59,2,375.7124543432575,688.9811674244045,Action,Romance,103
59,3,375.4257441510812,688.9569274986704,Action,Romance,103
59,4,375.139058150465,688.9324031159434,Action,Romance,103
59,5,374.8523966236305,688.9075943003659,Action,Romance,103
59,6,374.5657598527751,688.8825010763603,Action,Romance,103
59,7,374.27914812007174,688.857123468629,Action,Romance,103
59,8,373.99256170766864,688.8314615021545,Action,Romance,103
59,9,373.70600089768925,688.8055152021991,Action,Romance,103
59,10,373.41946597223176,688.7792845943052,Action,Romance,103
59,11,373.1329572133689,688.7527697042945,Action,Romance,103
59,12,372.8464749031476,688.7259705582693,Action,Romance,103
59,13,372.56001932358873,688.6988871826113,Action,Romance,103
59,14,374.6079431817396,662.1194998100152,Action,Romance,103
59,15,375.52505177020896,637.371601917486,Action,Romance,103
59,16,375.3113450889971,614.455193505024,Action,Romance,103
59,17,373.96682313810356,593.3702745726287,Action,Romance,103
59,18,371.4914859175287,574.1168451203002,Action,Romance,103
59,19,367.8853334272725,556.6949051480392,Action,Romance,103
59,20,363.1483656673349,541.1044546558451,Action,Romance,103
59,21,357.28058263771567,527.3454936437176,Action,Romance,103
59,22,350.2819843384151,515.4180221116574,Action,Romance,103
59,23,342.15257076943317,505.3220400596641,Action,Romance,103
59,24,332.8923419307698,497.0575474877379,Action,Romance,103
59,25,322.50129782242504,490.6245443958786,Action,Romance,103
59,26,310.97943844439885,486.0230307840863,Action,Romance,103
59,27,298.32676379669124,483.253006652361,Action,Romance,103
59,28,284.5432738793022,482.31447200070266,Action,Romance,103
59,29,269.6289686922317,483.20742682911134,Action,Romance,103
59,30,253.58384823547976,485.93187113758694,Action,Romance,103
59,31,236.40791250904653,490.48780492612957,Action,Romance,103
59,32,218.1011615129318,496.87522819473924,Action,Romance,103
59,33,198.66359524713562,505.09414094341577,Action,Romance,103
59,34,178.09521371165803,515.1445431721594,Action,Romance,103
59,35,178.20956737262762,515.3646566109526,Action,Romance,103
59,36,178.32413937008113,515.5846564816662,Action,Romance,103
59,37,178.4389295912307,515.8045425677265,Action,Romance,103
59,38,178.55393792307385,516.0243146526717,Action,Romance,103
59,39,178.6691642523932,516.2439725201522,Action,Romance,103
59,40,178.78460846575683,516.4635159539308,Action,Romance,103
59,41,178.90027044951844,516.6829447378832,Action,Romance,103
59,42,179.01615008981716,516.9022586559977,Action,Romance,103
59,43,179.13224727257798,517.1214574923757,Action,Romance,103
59,44,179.24856188351174,517.3405410312321,Action,Romance,103
59,45,179.36509380811515,517.559509056895,Action,Romance,103
59,46,179.48184293167108,517.7783613538065,Action,Romance,103
59,47,179.5988091392485,517.9970977065224,Action,Romance,103
59,48,200.03584943735302,507.682240082582,Action,Romance,103
59,49,219.36579112009488,499.21330486914616,Action,Romance,103
59,50,237.58863418747418,492.59029206621494,Action,Romance,103
59,51,254.7043786394907,487.81320167378806,Action,Romance,103
59,52,270.71302447614454,484.88203369186573,Action,Romance,103
59,53,285.6145716974359,483.796788120448,Action,Romance,103
59,54,299.40902030336457,484.55746495953485,Action,Romance,103
59,55,312.0963702939305,487.1640642091261,Action,Romance,103
59,56,323.67662166913374,491.6165858692218,Action,Romance,103
59,57,334.1497744289744,497.91502993982215,Action,Romance,103
59,58,343.51582857345244,506.05939642092693,Action,Romance,103
59,59,351.77478410256776,516.0496853125363,Action,Romance,103
59,60,358.92664101632045,527.8858966146502,Action,Romance,103
59,61,364.97139931471054,541.5680303272686,Action,Romance,103
59,62,369.90905899773793,557.0960864503913,Action,Romance,103
59,63,373.7396200654026,574.4700649840188,Action,Romance,103
59,64,376.4630825177047,593.6899659281507,Action,Romance,103
59,65,378.07944635464423,614.7557892827872,Action,Romance,103
59,66,378.58871157622093,637.6675350479281,Action,Romance,103
59,67,377.9908781824351,662.4252032235736,Action,Romance,103
60,0,168.69919662252224,225.07161934970827,Horror,Action,170
60,1,168.98596646998956,224.69307967967944,Horror,Action,170
60,2,169.27335582300333,224.31501012658603,Horror,Action,170
60,3,169.56136391087747,223.93741170428922,Horror,Action,170
60,4,169.84998996126674,223.5602854253868,Horror,Action,170
60,5,170.13923320016846,223.18363230121074,Horror,Action,170
60,6,170.4290928519251,222.80745334182376,Horror,Action,170
60,7,170.71956813922606,222.43174955601722,Horror,Action,170
60,8,171.0106582831098,222.05652195130813,Horror,Action,170
60,9,171.30236250296588,221.68177153393665,Horror,Action,170
60,10,171.5946800165372,221.30749930886304,Horror,Action,170
60,11,171.88761003992187,220.93370627976563,Horror,Action,170
60,12,172.18115178757552,220.5603934490373,Horror,Action,170
60,13,172.47530447231333,220.18756181778335,Horror,Action,170
60,14,193.31670613174015,237.37833542760714,Horror,Action,170
60,15,212.50287386665173,254.70066803189445,Horror,Action,170
60,16,230.03380767704812,272.1545596306453,Horror,Action,170
60,17,245.9095075629292,289.7400102238595,Horror,Action,170
60,18,260.12997352429505,307.45701981153724,Horror,Action,170
60,19,272.69520556114577,325.30558839367853,Horror,Action,170
60,20,283.60520367348124,343.2857159702833,Horror,Action,170
60,21,292.85996786130136,361.3974025413515,Horror,Action,170
60,22,300.4594981246063,379.6406481068832,Horror,Action,170
60,23,306.403794463396,398.01545266687845,Horror,Action,170
60,24,310.6928568776706,416.52181622133713,Horror,Action,170
60,25,313.3266853674298,435.15973877025937,Horror,Action,170
60,26,314.3052799326738,453.92922031364503,Horror,Action,170
60,27,313.6286405734026,472.83026085149424,Horror,Action,170
60,28,311.2967672896161,491.86286038380683,Horror,Action,170
60,29,307.30966008131446,511.027018910583,Horror,Action,170
60,30,301.6673189484975,530.3227364318227,Horror,Action,170
60,31,294.3697438911654,549.7500129475259,Horror,Action,170
60,32,285.41693490931806,569.3088484576924,Horror,Action,170
60,33,274.8088920029554,588.9992429623226,Horror,Action,170
60,34,262.54561517207753,608.8211964614162,Horror,Action,170
60,35,262.88776147930474,609.0460094042553,Horror,Action,170
60,36,263.2302754775806,609.2702617527428,Horror,Action,170
60,37,263.5731562483925,609.4939529055063,Horror,Action,170
60,38,263.91640287224413,609.7170822626775,Horror,Action,170
60,39,264.2600144286581,609.9396492258952,Horror,Action,170
60,40,264.6039899961784,610.1616531983061,Horror,Action,170
60,41,264.948328652373,610.3830935845667,Horror,Action,170
60,42,265.293029473836,610.6039697908451,Horror,Action,170
60,43,265.63809153619025,610.8242812248219,Horror,Action,170
60,44,265.98351391409017,611.0440272956928,Horror,Action,170
60,45,266.3292956812236,611.2632074141691,Horror,Action,170
60,46,266.6754359103146,611.48182099248,Horror,Action,170
60,47,267.02193367312634,611.6998674443741,Horror,Action,170
60,48,278.86048223553973,591.6213573630372,Horror,Action,170
60,49,289.04697243194715,571.7096113941449,Horror,Action,170
60,50,297.5814042623484,551.9646295376976,Horror,Action,170
60,51,304.4637777267435,532.386411793695,Horror,Action,170
60,52,309.6940928251324,512.9749581621371,Horror,Action,170
60,53,313.2723495575152,493.73026864302426,Horror,Action,170
60,54,315.198547923892,474.65234323635616,Horror,Action,170
60,55,315.4726879242625,455.74118194213276,Horror,Action,170
60,56,314.0947695586269,436.9967847603542,Horror,Action,170
60,57,311.06479282698524,418.4191516910206,Horror,Action,170
60,58,306.3827577293375,400.00828273413185,Horror,Action,170
60,59,300.04866426568356,381.76417788968774,Horror,Action,170
60,60,292.06251243602344,363.6868371576885,Horror,Action,170
60,61,282.4243022403573,345.7762605381342,Horror,Action,170
60,62,271.13403367868494,328.0324480310246,Horror,Action,170
60,63,258.1917067510065,310.4553996363598,Horror,Action,170
60,64,243.59732145732187,293.04511535413985,Horror,Action,170
60,65,227.3508777976312,275.80159518436477,Horror,Action,170
60,66,209.45237577193438,258.72483912703444,Horror,Action,170
60,67,189.90181538023137,241.81484718214895,Horror,Action,170
61,0,327.89180442477755,119.10783540496277,Family,Action,71
61,1,328.08393240110365,119.05858400529308,Family,Action,71
61,2,328.2760940170976,119.00946401959408,Family,Action,71
61,3,328.46828918287383,118.96047547084225,Family,Action,71
61,4,328.66051780853013,118.91161838195274,Family,Action,71
61,5,328.8527798041496,118.8628927757789,Family,Action,71
61,6,329.0450750797989,118.81429867511287,Family,Action,71
61,7,329.23740354552916,118.76583610268523,Family,Action,71
61,8,329.42976511137687,118.7175050811648,Family,Action,71
61,9,329.62215968736206,118.66930563315913,Family,Action,71
61,10,329.8145871834895,118.62123778121418,Family,Action,71
61,11,330.0070475097492,118.57330154781425,Family,Action,71
61,12,330.19954057611494,118.52549695538215,Family,Action,71
61,13,330.392066292546,118.47782402627905,Family,Action,71
61,14,336.5332021440982,145.11177942268392,Family,Action,71
61,15,341.69795565923994,171.39037399785647,Family,Action,71
61,16,345.88632683797096,197.31360775179667,Family,Action,71
61,17,349.09831568029136,222.88148068450454,Family,Action,71
61,18,351.33392218620116,248.09399279598006,Family,Action,71
61,19,352.5931463557005,272.9511440862233,Family,Action,71
61,20,352.8759881887893,297.4529345552342,Family,Action,71
61,21,352.1824476854673,321.59936420301267,Family,Action,71
61,22,350.51252484573473,345.39043302955884,Family,Action,71
61,23,347.8662196695917,368.82614103487276,Family,Action,71
61,24,344.24353215703803,391.9064882189543,Family,Action,71
61,25,339.6444623080738,414.63147458180345,Family,Action,71
61,26,334.0690101226989,437.0011001234204,Family,Action,71
61,27,327.5171756009135,459.0153648438049,Family,Action,71
61,28,319.98895874271744,480.6742687429571,Family,Action,71
61,29,311.4843595481108,501.9778118208769,Family,Action,71
61,30,302.00337801709355,522.9259940775645,Family,Action,71
61,31,291.5460141496658,543.5188155130197,Family,Action,71
61,32,280.1122679458274,563.7562761272426,Family,Action,71
61,33,267.7021394055784,583.6383759202331,Family,Action,71
61,34,254.31562852891878,603.1651148919913,Family,Action,71
61,35,254.4546137046372,603.2647055642805,Family,Action,71
61,36,254.5936669610873,603.3642011568821,Family,Action,71
61,37,254.73278823322494,603.4636016232557,Family,Action,71
61,38,254.8719774559744,603.5629069169056,Family,Action,71
61,39,255.01123456422823,603.6621169913805,Family,Action,71
61,40,255.15055949284695,603.7612318002733,Family,Action,71
61,41,255.28995217665968,603.8602512972221,Family,Action,71
61,42,255.42941255046358,603.9591754359092,Family,Action,71
61,43,255.56894054902443,604.0580041700614,Family,Action,71
61,44,255.70853610707604,604.1567374534502,Family,Action,71
61,45,255.8481991593208,604.2553752398921,Family,Action,71
61,46,255.98792964042968,604.3539174832481,Family,Action,71
61,47,256.12772748504176,604.4523641374234,Family,Action,71
61,48,269.3400970486201,584.8073775291936,Family,Action,71
61,49,281.57296335555367,564.815725159251,Family,Action,71
61,50,292.8263264058425,544.4774070275961,Family,Action,71
61,51,303.1001861994864,523.7924231342284,Family,Action,71
61,52,312.3945427364855,502.7607734791483,Family,Action,71
61,53,320.7093960168399,481.38245806235585,Family,Action,71
61,54,328.04474604054946,459.65747688385085,Family,Action,71
61,55,334.4005928076141,437.58582994363303,Family,Action,71
61,56,339.77693631803396,415.16751724170274,Family,Action,71
61,57,344.17377657180907,392.40253877806015,Family,Action,71
61,58,347.59111356893936,369.29089455270486,Family,Action,71
61,59,350.02894730942484,345.8325845656371,Family,Action,71
61,60,351.4872777932655,322.0276088168567,Family,Action,71
61,61,351.9661050204613,297.87596730636386,Family,Action,71
61,62,351.46542899101235,273.37766003415845,Family,Action,71
61,63,349.9852497049186,248.53268700024051,Family,Action,71
61,64,347.52556716218,223.34104820461,Family,Action,71
61,65,344.0863813627966,197.80274364726705,Family,Action,71
61,66,339.6676923067684,171.91777332821152,Family,Action,71
61,67,334.2694999940954,145.6861372474434,Family,Action,71
62,0,119.12550848696327,472.17700476809114,Crime,Horror,63
62,1,119.08175821037753,472.0065374103435,Crime,Horror,63
62,2,119.03811139323034,471.8360435332929,Crime,Horror,63
62,3,118.9945680515965,471.66552319973084,Crime,Horror,63
62,4,118.95112820151246,471.494976472458,Crime,Horror,63
62,5,118.9077918589768,471.3244034142851,Crime,Horror,63
62,6,118.86455903994982,471.15380408803276,Crime,Horror,63
62,7,118.8214297603538,470.98317855653085,Crime,Horror,63
62,8,118.77840403607274,470.8125268826191,Crime,Horror,63
62,9,118.73548188295263,470.64184912914675,Crime,Horror,63
62,10,118.69266331680132,470.47114535897305,Crime,Horror,63
62,11,118.64994835338848,470.30041563496627,Crime,Horror,63
62,12,118.60733700844548,470.1296600200045,Crime,Horror,63
62,13,118.56482929766582,469.95887857697556,Crime,Horror,63
62,14,144.35993437980022,463.02532748684666,Crime,Horror,63
62,15,168.13855044480644,455.5501748977889,Crime,Horror,63
62,16,189.9006774926845,447.53342080980224,Crime,Horror,63
62,17,209.64631552343434,438.97506522288637,Crime,Horror,63
62,18,227.375464537056,429.8751081370416,Crime,Horror,63
62,19,243.08812453354955,420.2335495522679,Crime,Horror,63
62,20,256.78429551291487,410.05038946856524,Crime,Horror,63
62,21,268.463977475152,399.3256278859335,Crime,Horror,63
62,22,278.1271704202609,388.0592648043728,Crime,Horror,63
62,23,285.77387434824175,376.25130022388316,Crime,Horror,63
62,24,291.40408925909435,363.90173414446457,Crime,Horror,63
62,25,295.0178151528188,351.01056656611695,Crime,Horror,63
62,26,296.615052029415,337.5777974888403,Crime,Horror,63
62,27,296.1957998888831,323.6034269126348,Crime,Horror,63
62,28,293.76005873122295,309.0874548375002,Crime,Horror,63
62,29,289.30782855643463,294.02988126343666,Crime,Horror,63
62,30,282.83910936451815,278.43070619044414,Crime,Horror,63
62,31,274.3539011554735,262.2899296185227,Crime,Horror,63
62,32,263.8522039293007,245.60755154767227,Crime,Horror,63
62,33,251.33401768599967,228.38357197789279,Crime,Horror,63
62,34,236.79934242557044,210.61799090918433,Crime,Horror,63
62,35,236.6844423774132,210.71706722891378,Crime,Horror,63
62,36,236.5696024767772,210.81621325969456,Crime,Horror,63
62,37,236.45482276595672,210.91542896501215,Crime,Horror,63
62,38,236.34010328722417,211.01471430832626,Crime,Horror,63
62,39,236.22544408282957,211.11406925307114,Crime,Horror,63
62,40,236.1108451950007,211.21349376265533,Crime,Horror,63
62,41,235.99630666594322,211.31298780046188,Crime,Horror,63
62,42,235.88182853784065,211.41255132984787,Crime,Horror,63
62,43,235.7674108528541,211.51218431414517,Crime,Horror,63
62,44,235.65305365312247,211.61188671665997,Crime,Horror,63
62,45,235.53875698076237,211.7116585006728,Crime,Horror,63
62,46,235.42452087786828,211.8114996294386,Crime,Horror,63
62,47,235.3103453865121,211.91141006618696,Crime,Horror,63
62,48,249.98472485961858,229.5617710459022,Crime,Horror,63
62,49,262.6384052573213,246.68645590241692,Crime,Horror,63
62,50,273.2713865796204,263.2854646357311,Crime,Horror,63
62,51,281.88366882651565,279.35879724584464,Crime,Horror,63
62,52,288.4752519980072,294.9064537327576,Crime,Horror,63
62,53,293.046136094095,309.92843409647014,Crime,Horror,63
62,54,295.5963211147791,324.42473833698216,Crime,Horror,63
62,55,296.1258070600594,338.3953664542935,Crime,Horror,63
62,56,294.634593929936,351.8403184484043,Crime,Horror,63
62,57,291.12268172440884,364.7595943193146,Crime,Horror,63
62,58,285.59007044347794,377.1531940670243,Crime,Horror,63
62,59,278.0367600871433,389.0211176915335,Crime,Horror,63
62,60,268.4627506554049,400.3633651928421,Crime,Horror,63
62,61,256.8680421482628,411.1799365709502,Crime,Horror,63
62,62,243.25263456571696,421.47083182585766,Crime,Horror,63
62,63,227.61652790776736,431.23605095756466,Crime,Horror,63
62,64,209.95972217441397,440.475593966071,Crime,Horror,63
62,65,190.28221736565698,449.1894608513769,Crime,Horror,63
62,66,168.58401348149619,457.37765161348216,Crime,Horror,63
62,67,144.8651105219316,465.04016625238694,Crime,Horror,63
63,0,629.6033337992169,577.1505266949139,Thriller,Comedy,53
63,1,629.5128613165552,577.2677254614829,Thriller,Comedy,53
63,2,629.4223290109406,577.3848780228905,Thriller,Comedy,53
63,3,629.3317369059704,577.5019843486004,Thriller,Comedy,53
63,4,629.2410850252575,577.6190444080889,Thriller,Comedy,53
63,5,629.1503733924305,577.7360581708441,Thriller,Comedy,53
63,6,629.0596020311336,577.853025606366,Thriller,Comedy,53
63,7,628.9687709650266,577.9699466841669,Thriller,Comedy,53
63,8,628.8778802177847,578.0868213737709,Thriller,Comedy,53
63,9,628.7869298130987,578.2036496447147,Thriller,Comedy,53
63,10,628.6959197746751,578.3204314665467,Thriller,Comedy,53
63,11,628.6048501262358,578.4371668088273,Thriller,Comedy,53
63,12,628.5137208915182,578.5538556411295,Thriller,Comedy,53
63,13,628.4225320942754,578.670497933038,Thriller,Comedy,53
63,14,607.7299126022581,562.2190793633177,Thriller,Comedy,53
63,15,589.1611078584497,546.8972994509261,Thriller,Comedy,53
63,16,572.7161178628496,532.7051581958631,Thriller,Comedy,53
63,17,558.394942615458,519.6426555981285,Thriller,Comedy,53
63,18,546.197582116275,507.70979165772263,Thriller,Comedy,53
63,19,536.1240363653008,496.9065663746455,Thriller,Comedy,53
63,20,528.174305362535,487.2329797488969,Thriller,Comedy,53
63,21,522.3483891079777,478.68903178047685,Thriller,Comedy,53
63,22,518.646287601629,471.27472246938544,Thriller,Comedy,53
63,23,517.0680008434889,464.9900518156226,Thriller,Comedy,53
63,24,517.6135288335573,459.83501981918846,Thriller,Comedy,53
63,25,520.2828715718344,455.8096264800828,Thriller,Comedy,53
63,26,525.07602905832,452.9138717983059,Thriller,Comedy,53
63,27,531.9930012930142,451.1477557738575,Thriller,Comedy,53
63,28,541.0337882759168,450.51127840673774,Thriller,Comedy,53
63,29,552.1983900070281,451.0044396969466,Thriller,Comedy,53
63,30,565.486806486348,452.627239644484,Thriller,Comedy,53
63,31,580.8990377138764,455.3796782493501,Thriller,Comedy,53
63,32,598.4350836896133,459.2617555115447,Thriller,Comedy,53
63,33,618.0949444135589,464.273471431068,Thriller,Comedy,53
63,34,639.878619885713,470.4148260079199,Thriller,Comedy,53
63,35,639.914538260052,470.29234902509694,Thriller,Comedy,53
63,36,639.9503941002216,470.1698537204428,Thriller,Comedy,53
63,37,639.9861873968758,470.0473401258862,Thriller,Comedy,53
63,38,640.0219181406852,469.9248082733604,Thriller,Comedy,53
63,39,640.0575863223364,469.8022581948036,Thriller,Comedy,53
63,40,640.0931919325324,469.6796899221588,Thriller,Comedy,53
63,41,640.1287349619924,469.55710348737347,Thriller,Comedy,53
63,42,640.1642154014523,469.43449892240017,Thriller,Comedy,53
63,43,640.1996332416641,469.31187625919586,Thriller,Comedy,53
63,44,640.2349884733958,469.18923552972245,Thriller,Comedy,53
63,45,640.2702810874321,469.0665767659465,Thriller,Comedy,53
63,46,640.3055110745739,468.9438999998391,Thriller,Comedy,53
63,47,640.3406784256385,468.8212052633764,Thriller,Comedy,53
63,48,618.5167226849311,462.82456379148624,Thriller,Comedy,53
63,49,598.8240323057878,457.943440378364,Thriller,Comedy,53
63,50,581.2626072882083,454.17783502400954,Thriller,Comedy,53
63,51,565.8324476321927,451.52774772842264,Thriller,Comedy,53
63,52,552.5335533377412,449.99317849160354,Thriller,Comedy,53
63,53,541.3659244048537,449.57412731355237,Thriller,Comedy,53
63,54,532.3295608335302,450.2705941942689,Thriller,Comedy,53
63,55,525.4244626237705,452.08257913375303,Thriller,Comedy,53
63,56,520.6506297755748,455.010082132005,Thriller,Comedy,53
63,57,518.0080622889432,459.0531031890248,Thriller,Comedy,53
63,58,517.4967601638755,464.21164230481224,Thriller,Comedy,53
63,59,519.1167234003717,470.48569947936755,Thriller,Comedy,53
63,60,522.867951998432,477.87527471269055,Thriller,Comedy,53
63,61,528.7504459580563,486.38036800478136,Thriller,Comedy,53
63,62,536.7642052792444,496.00097935563986,Thriller,Comedy,53
63,63,546.9092299619965,506.7371087652661,Thriller,Comedy,53
63,64,559.1855200063127,518.5887562336602,Thriller,Comedy,53
63,65,573.5930754121928,531.555921760822,Thriller,Comedy,53
63,66,590.1318961796369,545.6386053467514,Thriller,Comedy,53
63,67,608.8019823086449,560.8368069914487,Thriller,Comedy,53
64,0,113.96518339369283,352.20791185775386,Adventure,Horror,53
64,1,113.98962047906133,352.0618856619431,Adventure,Horror,53
64,2,114.01413211356572,351.9158719612909,Adventure,Horror,53
64,3,114.03871829081714,351.7698707938557,Adventure,Horror,53
64,4,114.06337900440707,351.6238821976933,Adventure,Horror,53
64,5,114.0881142479077,351.4779062108557,Adventure,Horror,53
64,6,114.11292401487168,351.33194287139185,Adventure,Horror,53
64,7,114.13780829883234,351.1859922173473,Adventure,Horror,53
64,8,114.1627670933035,351.0400542867646,Adventure,Horror,53
64,9,114.18780039177972,350.8941291176824,Adventure,Horror,53
64,10,114.21290818773588,350.7482167481366,Adventure,Horror,53
64,11,114.23809047462771,350.6023172161594,Adventure,Horror,53
64,12,114.26334724589128,350.45643055977996,Adventure,Horror,53
64,13,114.2886784949435,350.3105568170237,Adventure,Horror,53
64,14,140.4841978678139,354.49832591651625,Adventure,Horror,53
64,15,164.64955189022382,357.5969773706176,Adventure,Horror,53
64,16,186.78474056217334,359.60651117932764,Adventure,Horror,53
64,17,206.88976388366234,360.5269273426463,Adventure,Horror,53
64,18,224.96462185469088,360.35822586057367,Adventure,Horror,53
64,19,241.00931447525903,359.1004067331098,Adventure,Horror,53
64,20,255.02384174536672,356.75346996025473,Adventure,Horror,53
64,21,267.0082036650139,353.3174155420083,Adventure,Horror,53
64,22,276.96240023420063,348.7922434783705,Adventure,Horror,53
64,23,284.88643145292696,343.1779537693415,Adventure,Horror,53
64,24,290.78029732119285,336.4745464149212,Adventure,Horror,53
64,25,294.6439978389982,328.6820214151096,Adventure,Horror,53
64,26,296.47753300634315,319.80037876990673,Adventure,Horror,53
64,27,296.2809028232276,309.8296184793126,Adventure,Horror,53
64,28,294.0541072896517,298.76974054332715,Adventure,Horror,53
64,29,289.79714640561525,286.6207449619504,Adventure,Horror,53
64,30,283.51002017111836,273.3826317351824,Adventure,Horror,53
64,31,275.192728586161,259.05540086302307,Adventure,Horror,53
64,32,264.8452716507433,243.63905234547246,Adventure,Horror,53
64,33,252.46764936486503,227.13358618253056,Adventure,Horror,53
64,34,238.05986172852633,209.53900237419737,Adventure,Horror,53
64,35,237.96264473657197,209.62170423277337,Adventure,Horror,53
64,36,237.86546997995484,209.70445571380534,Adventure,Horror,53
64,37,237.76833748400387,209.78725679572378,Adventure,Horror,53
64,38,237.6712472740365,209.8701074569467,Adventure,Horror,53
64,39,237.57419937535965,209.95300767587884,Adventure,Horror,53
64,40,237.47719381326903,210.035957430912,Adventure,Horror,53
64,41,237.38023061304946,210.11895670042514,Adventure,Horror,53
64,42,237.28330979997432,210.20200546278457,Adventure,Horror,53
64,43,237.18643139930626,210.28510369634336,Adventure,Horror,53
64,44,237.08959543629695,210.36825137944177,Adventure,Horror,53
64,45,236.99280193618688,210.4514484904071,Adventure,Horror,53
64,46,236.8960509242052,210.53469500755412,Adventure,Horror,53
64,47,236.79934242557044,210.61799090918433,Adventure,Horror,53
64,48,251.3235876499362,228.11656298306457,Adventure,Horror,53
64,49,263.8104837850469,244.53951556835952,Adventure,Horror,53
64,50,274.2600308309026,259.8868486650692,Adventure,Horror,53
64,51,282.67222878750323,274.15856227319347,Adventure,Horror,53
64,52,289.04707765484886,287.35465639273247,Adventure,Horror,53
64,53,293.3845774329394,299.47513102368623,Adventure,Horror,53
64,54,295.68472812177504,310.51998616605465,Adventure,Horror,53
64,55,295.94752972135547,320.48922181983767,Adventure,Horror,53
64,56,294.1729822316808,329.3828379850354,Adventure,Horror,53
64,57,290.3610856527513,337.2008346616478,Adventure,Horror,53
64,58,284.5118399845666,343.943211849675,Adventure,Horror,53
64,59,276.6252452271269,349.6099695491167,Adventure,Horror,53
64,60,266.7013013804322,354.20110775997324,Adventure,Horror,53
64,61,254.74000844448244,357.71662648224446,Adventure,Horror,53
64,62,240.74136641927763,360.1565257159303,Adventure,Horror,53
64,63,224.70537530481778,361.5208054610308,Adventure,Horror,53
64,64,206.63203510110284,361.80946571754606,Adventure,Horror,53
64,65,186.52134580813293,361.022506485476,Adventure,Horror,53
64,66,164.37330742590797,359.1599277648206,Adventure,Horror,53
64,67,140.1879199544279,356.2217295555799,Adventure,Horror,53
65,0,119.62000611243894,474.0746854708896,Crime,Romance,54
65,1,119.58151235123512,473.92882918577493,Crime,Romance,54
65,2,119.5430944658242,473.78295289695563,Crime,Romance,54
65,3,119.50475246660142,473.6370566439034,Crime,Romance,54
65,4,119.46648636394127,473.49114046609463,Crime,Romance,54
65,5,119.42829616819796,473.3452044030116,Crime,Romance,54
65,6,119.39018188970493,473.1992484941417,Crime,Romance,54
65,7,119.35214353877512,473.05327277897766,Crime,Romance,54
65,8,119.31418112570105,472.90727729701786,Crime,Romance,54
65,9,119.27629466075462,472.7612620877657,Crime,Romance,54
65,10,119.23848415418706,472.61522719073,Crime,Romance,54
65,11,119.2007496162293,472.4691726454252,Crime,Romance,54
65,12,119.16309105709144,472.32309849137056,Crime,Romance,54
65,13,119.12550848696327,472.17700476809114,Crime,Romance,54
65,14,144.73361689589441,465.724361115738,Crime,Romance,54
65,15,168.0580389773476,460.11443106688665,Crime,Romance,54
65,16,189.0987747313228,455.347214621537,Crime,Romance,54
65,17,207.85582415781997,451.4227117796888,Crime,Romance,54
65,18,224.3291872568391,448.3409225413424,Crime,Romance,54
65,19,238.51886402838034,446.10184690649777,Crime,Romance,54
65,20,250.42485447244357,444.70548487515475,Crime,Romance,54
65,21,260.04715858902875,444.15183644731326,Crime,Romance,54
65,22,267.3857763781359,444.44090162297357,Crime,Romance,54
65,23,272.44070783976514,445.5726804021356,Crime,Romance,54
65,24,275.2119529739164,447.5471727847993,Crime,Romance,54
65,25,275.6995117805896,450.36437877096455,Crime,Romance,54
65,26,273.90338425978484,454.0242983606316,Crime,Romance,54
65,27,269.8235704115021,458.5269315538003,Crime,Romance,54
65,28,263.46007023574134,463.8722783504706,Crime,Romance,54
65,29,254.81288373250254,470.0603387506426,Crime,Romance,54
65,30,243.88201090178578,477.09111275431627,Crime,Romance,54
65,31,230.66745174359107,484.96460036149165,Crime,Romance,54
65,32,215.16920625791835,493.68080157216866,Crime,Romance,54
65,33,197.3872744447676,503.23971638634737,Crime,Romance,54
65,34,177.32165630413883,513.6413448040278,Crime,Romance,54
65,35,177.38079965484835,513.7571608193754,Crime,Romance,54
65,36,177.44000324198703,513.8729460542462,Crime,Romance,54
65,37,177.49926704953546,513.9887004773107,Crime,Romance,54
65,38,177.55859106145806,514.1044240572484,Crime,Romance,54
65,39,177.61797526170284,514.2201167627463,Crime,Romance,54
65,40,177.67741963420164,514.3357785625004,Crime,Romance,54
65,41,177.73692416287003,514.451409425215,Crime,Romance,54
65,42,177.7964888316071,514.5670093196024,Crime,Romance,54
65,43,177.8561136242959,514.6825782143837,Crime,Romance,54
65,44,177.9157985248031,514.7981160782883,Crime,Romance,54
65,45,177.97554351697912,514.9136228800535,Crime,Romance,54
65,46,178.03534858465815,515.0290985884258,Crime,Romance,54
65,47,178.09521371165803,515.1445431721594,Crime,Romance,54
65,48,198.09003512647539,504.6074647490581,Crime,Romance,54
65,49,215.80692103029094,494.9285234173086,Crime,Romance,54
65,50,231.2458714231047,486.10771917691085,Crime,Romance,54
65,51,244.4068863049165,478.1450520278646,Crime,Romance,54
65,52,255.28996567572653,471.0405219701701,Crime,Romance,54
65,53,263.8951095355348,464.79412900382744,Crime,Romance,54
65,54,270.22231788434124,459.4058731288364,Crime,Romance,54
65,55,274.27159072214585,454.875754345197,Crime,Romance,54
65,56,276.0429280489485,451.20377265290927,Crime,Romance,54
65,57,275.53632986474946,448.38992805197336,Crime,Romance,54
65,58,272.7517961695486,446.4342205423891,Crime,Romance,54
65,59,267.6893269633458,445.3366501241565,Crime,Romance,54
65,60,260.3489222461412,445.0972167972756,Crime,Romance,54
65,61,250.73058201793486,445.71592056174643,Crime,Romance,54
65,62,238.83430627872667,447.19276141756893,Crime,Romance,54
65,63,224.6600950285166,449.5277393647431,Crime,Romance,54
65,64,208.20794826730474,452.720854403269,Crime,Romance,54
65,65,189.47786599509107,456.7721065331466,Crime,Romance,54
65,66,168.46984821187556,461.68149575437593,Crime,Romance,54
65,67,145.18389491765817,467.44902206695696,Crime,Romance,54
